item_label1;number_item_label1;item_class1;item_label2;number_item_label2;item_class2;correlation;p_value;relation_number;item_class1 (grupos)
"la facilidad para encontrar lo que buscabas";"394";"Servicio";"¿Qué tan posible es que vuelvas a comprar en las tiendas de OFFCORSS?";"936";"NPS";"1";"0";4;"Servicio"
"el precio vs producto adquirido";"326";"Producto";"la música y ambientación";"392";"Experiencia";"NaN";"0";4;"Producto"
"el tiempo de respuesta";"347";"Servicio";"¿Cómo calificarías tu satisfacción general con OFFCORSS?";"862";"NPS";"NaN";"0";4;"Servicio"
"la música y ambientación";"392";"Experiencia";"¿Cómo calificarías tu satisfacción general con OFFCORSS?";"862";"NPS";"NaN";"0";4;"5"
"la amabilidad en la atención";"392";"Servicio";"¿Qué tan posible es que vuelvas a comprar en las tiendas de OFFCORSS?";"936";"NPS";"0.5773502691896257";"0.0002361994709367";4;"Servicio"
"la amabilidad de la persona que te atendió";"392";"Servicio";"¿Cómo calificarías tu satisfacción general con OFFCORSS?";"862";"NPS";"NaN";"0.0002361994709367";4;"Servicio"
"la facilidad para contactarnos";"374";"Servicio";"¿Cómo calificarías tu satisfacción general con OFFCORSS?";"862";"NPS";"NaN";"0.0002361994709367";4;"Servicio"
"la exhibición de los productos dentro de la tienda";"415";"Producto";"¿Cómo calificarías tu satisfacción general con OFFCORSS?";"862";"NPS";"NaN";"0.0002361994709367";4;"Producto"
"la satisfacción general con tu experiencia de compra";"369";"Experiencia";"¿Cómo calificarías tu satisfacción general con OFFCORSS?";"862";"NPS";"NaN";"0.0002361994709367";4;"5"
"el acompañamiento durante la compra";"426";"Servicio";"¿Cómo calificarías tu satisfacción general con OFFCORSS?";"862";"NPS";"NaN";"0.0003157333424171";4;"Servicio"
"la satisfacción general con la solución a tu caso";"351";"Servicio";"¿Cómo calificarías tu satisfacción general con OFFCORSS?";"862";"NPS";"NaN";"0.0003157333424171";4;"Servicio"
"la Información sobre los productos";"380";"Producto";"¿Cómo calificarías tu satisfacción general con OFFCORSS?";"862";"NPS";"NaN";"0.0003157333424171";4;"Producto"
"la agilidad en el proceso de pago";"384";"Experiencia";"¿Cómo calificarías tu satisfacción general con OFFCORSS?";"862";"NPS";"NaN";"0.0003157333424171";4;"5"
"la Información sobre cambios y garantías";"310";"Experiencia";"¿Cómo calificarías tu satisfacción general con OFFCORSS?";"862";"NPS";"NaN";"0.0003157333424171";4;"5"
"la música y ambientación";"392";"Experiencia";"¿Qué tan posible es que vuelvas a comprar en las tiendas de OFFCORSS?";"936";"NPS";"NaN";"0.0003183434400711";4;"5"
"el diseño de las vitrinas";"345";"Experiencia";"¿Qué tan posible es que vuelvas a comprar en las tiendas de OFFCORSS?";"936";"NPS";"-0.3333333333333333";"0.0011722164447168";4;"5"
"la amabilidad de la persona que te atendió";"392";"Servicio";"¿Qué tan posible es que vuelvas a comprar en las tiendas de OFFCORSS?";"936";"NPS";"-0.3333333333333333";"0.0011722164447168";4;"Servicio"
"la facilidad para contactarnos";"374";"Servicio";"¿Qué tan posible es que vuelvas a comprar en las tiendas de OFFCORSS?";"936";"NPS";"-0.3333333333333333";"0.0011722164447168";4;"Servicio"
"la exhibición de los productos dentro de la tienda";"415";"Producto";"¿Qué tan posible es que vuelvas a comprar en las tiendas de OFFCORSS?";"936";"NPS";"-0.3333333333333333";"0.0011722164447168";4;"Producto"
"la satisfacción general con tu experiencia de compra";"369";"Experiencia";"¿Qué tan posible es que vuelvas a comprar en las tiendas de OFFCORSS?";"936";"NPS";"-0.3333333333333333";"0.0011722164447168";4;"5"
"el ofrecimiento de opciones para complementar el look";"353";"Servicio";"¿Qué tan posible es que vuelvas a comprar en las tiendas de OFFCORSS?";"936";"NPS";"-1";"0.0016088671217392";4;"Servicio"
"los probadores/Vestier";"316";"Experiencia";"¿Cómo calificarías tu satisfacción general con OFFCORSS?";"862";"NPS";"NaN";"0.0016088671217392";4;"5"
"la satisfacción general con la solución a tu caso";"351";"Servicio";"¿Qué tan posible es que vuelvas a comprar en las tiendas de OFFCORSS?";"936";"NPS";"-0.5773502691896257";"0.0016231966955949";4;"Servicio"
"la Información sobre los productos";"380";"Producto";"¿Qué tan posible es que vuelvas a comprar en las tiendas de OFFCORSS?";"936";"NPS";"-0.5773502691896257";"0.0016231966955949";4;"Producto"
"la agilidad en el proceso de pago";"384";"Experiencia";"¿Qué tan posible es que vuelvas a comprar en las tiendas de OFFCORSS?";"936";"NPS";"-0.5773502691896257";"0.0016231966955949";4;"5"
"la Información sobre cambios y garantías";"310";"Experiencia";"¿Qué tan posible es que vuelvas a comprar en las tiendas de OFFCORSS?";"936";"NPS";"-0.5773502691896257";"0.0016231966955949";4;"5"
"el acompañamiento durante la compra";"426";"Servicio";"¿Qué tan posible es que vuelvas a comprar en las tiendas de OFFCORSS?";"936";"NPS";"-0.5773502691896258";"0.0016231966955949";4;"Servicio"
"los espacios de diversión para los niños";"314";"Experiencia";"¿Cómo calificarías tu satisfacción general con OFFCORSS?";"862";"NPS";"NaN";"0.0021700955516383";4;"5"
"la experiencia y diversión para los niños/as";"342";"Experiencia";"¿Cómo calificarías tu satisfacción general con OFFCORSS?";"862";"NPS";"NaN";"0.0034369455005616";4;"5"
"los probadores/Vestier";"316";"Experiencia";"¿Qué tan posible es que vuelvas a comprar en las tiendas de OFFCORSS?";"936";"NPS";"-0.3333333333333333";"0.0036078774097786";4;"5"
"los espacios de diversión para los niños";"314";"Experiencia";"¿Qué tan posible es que vuelvas a comprar en las tiendas de OFFCORSS?";"936";"NPS";"-0.6622661785325219";"0.0052078589446628";4;"5"
"la experiencia y diversión para los niños/as";"342";"Experiencia";"¿Qué tan posible es que vuelvas a comprar en las tiendas de OFFCORSS?";"936";"NPS";"-0.4714045207910318";"0.0066874123789201";4;"5"
"el precio vs producto adquirido";"326";"Producto";"la amabilidad de la persona que te atendió";"392";"Servicio";"NaN";"0.0576688856224373";4;"Producto"
"el interés e indagación de tu necesidad";"316";"Servicio";"el tiempo de respuesta";"347";"Servicio";"NaN";"0.0576688856224373";4;"Servicio"
"el ofrecimiento de opciones para complementar el look";"353";"Servicio";"el tiempo de respuesta";"347";"Servicio";"NaN";"0.0576688856224373";4;"Servicio"
"el precio vs producto adquirido";"326";"Producto";"la facilidad para contactarnos";"374";"Servicio";"NaN";"0.0576688856224373";4;"Producto"
"el precio vs producto adquirido";"326";"Producto";"la satisfacción general con tu experiencia de compra";"369";"Experiencia";"NaN";"0.0576688856224373";4;"Producto"
"el tiempo de respuesta";"347";"Servicio";"la disponibilidad de los productos";"376";"Producto";"NaN";"0.0917211133115719";4;"Servicio"
"el tiempo de respuesta";"347";"Servicio";"la variedad de productos en la tienda";"404";"Producto";"NaN";"0.0917211133115719";4;"Servicio"
"la música y ambientación";"392";"Experiencia";"la variedad de productos en la tienda";"404";"Producto";"NaN";"0.0917211133115719";4;"5"
"el interés e indagación de tu necesidad";"316";"Servicio";"la amabilidad de la persona que te atendió";"392";"Servicio";"0.3333333333333333";"0.1816901138162094";4;"Servicio"
"el ofrecimiento de opciones para complementar el look";"353";"Servicio";"la facilidad para contactarnos";"374";"Servicio";"0.3333333333333333";"0.1816901138162094";4;"Servicio"
"el precio vs producto adquirido";"326";"Producto";"la satisfacción general con la solución a tu caso";"351";"Servicio";"NaN";"0.1816901138162094";4;"Producto"
"el precio vs producto adquirido";"326";"Producto";"la Información sobre cambios y garantías";"310";"Experiencia";"NaN";"0.1816901138162094";4;"Producto"
"el precio vs producto adquirido";"326";"Producto";"la Información sobre los productos";"380";"Producto";"NaN";"0.1816901138162094";4;"Producto"
"el precio vs producto adquirido";"326";"Producto";"la agilidad en el proceso de pago";"384";"Experiencia";"NaN";"0.1816901138162094";4;"Producto"
"el tiempo de respuesta";"347";"Servicio";"la amabilidad en la atención";"392";"Servicio";"NaN";"0.1816901138162094";4;"Servicio"
"el diseño de las vitrinas";"345";"Experiencia";"la experiencia y diversión para los niños/as";"342";"Experiencia";"0.9428090415820636";"0.2151699425695501";4;"5"
"la amabilidad de la persona que te atendió";"392";"Servicio";"la disponibilidad de los productos";"376";"Producto";"0";"0.2151699425695501";4;"Servicio"
"la disponibilidad de los productos";"376";"Producto";"la facilidad para contactarnos";"374";"Servicio";"0";"0.2151699425695501";4;"Producto"
"la amabilidad de la persona que te atendió";"392";"Servicio";"la variedad de productos en la tienda";"404";"Producto";"0";"0.2151699425695501";4;"Servicio"
"la facilidad para contactarnos";"374";"Servicio";"la variedad de productos en la tienda";"404";"Producto";"0";"0.2151699425695501";4;"Servicio"
"la satisfacción general con tu experiencia de compra";"369";"Experiencia";"la variedad de productos en la tienda";"404";"Producto";"0";"0.2151699425695501";4;"5"
"la disponibilidad de los productos";"376";"Producto";"la satisfacción general con tu experiencia de compra";"369";"Experiencia";"0";"0.2151699425695501";4;"Producto"
"el tiempo de respuesta";"347";"Servicio";"la atención e interés por el niño o la niña";"337";"Servicio";"NaN";"0.2151699425695501";4;"Servicio"
"la satisfacción general con los productos";"385";"Producto";"los espacios de diversión para los niños";"314";"Experiencia";"-0.6622661785325219";"0.3080680092503574";4;"Producto"
"el ofrecimiento de opciones para complementar el look";"353";"Servicio";"la satisfacción general con la solución a tu caso";"351";"Servicio";"0.5773502691896257";"0.3910022189557707";4;"Servicio"
"el diseño de las vitrinas";"345";"Experiencia";"la satisfacción general con la solución a tu caso";"351";"Servicio";"0.5773502691896257";"0.3910022189557707";4;"5"
"el diseño de los productos";"401";"Producto";"la música y ambientación";"392";"Experiencia";"NaN";"0.3910022189557707";4;"Producto"
"el diseño de los productos";"401";"Producto";"el tiempo de respuesta";"347";"Servicio";"NaN";"0.3910022189557707";4;"Producto"
"el tiempo de respuesta";"347";"Servicio";"la satisfacción general con los productos";"385";"Producto";"NaN";"0.3910022189557707";4;"Servicio"
"la música y ambientación";"392";"Experiencia";"la satisfacción general con los productos";"385";"Producto";"NaN";"0.3910022189557707";4;"5"
"el precio vs producto adquirido";"326";"Producto";"los probadores/Vestier";"316";"Experiencia";"NaN";"0.3910022189557707";4;"Producto"
"la calidad de los productos";"382";"Producto";"la experiencia y diversión para los niños/as";"342";"Experiencia";"-0.4714045207910318";"0.4444380851347307";4;"Producto"
"la experiencia y diversión para los niños/as";"342";"Experiencia";"la satisfacción general con los productos";"385";"Producto";"-0.4714045207910318";"0.4444380851347307";4;"5"
"la variedad de productos en la tienda";"404";"Producto";"los probadores/Vestier";"316";"Experiencia";"0";"0.4950253460597109";4;"Producto"
"la atención e interés por el niño o la niña";"337";"Servicio";"la facilidad para contactarnos";"374";"Servicio";"-0.5222329678670936";"0.4950253460597109";4;"Servicio"
"la Información sobre los productos";"380";"Producto";"la disponibilidad de los productos";"376";"Producto";"-0.7071067811865475";"0.4950253460597109";4;"Producto"
"la agilidad en el proceso de pago";"384";"Experiencia";"la disponibilidad de los productos";"376";"Producto";"-0.7071067811865475";"0.4950253460597109";4;"5"
"la disponibilidad de los productos";"376";"Producto";"la satisfacción general con la solución a tu caso";"351";"Servicio";"-0.7071067811865475";"0.4950253460597109";4;"Producto"
"la satisfacción general con la solución a tu caso";"351";"Servicio";"la variedad de productos en la tienda";"404";"Producto";"-0.7071067811865475";"0.4950253460597109";4;"Servicio"
"la Información sobre los productos";"380";"Producto";"la variedad de productos en la tienda";"404";"Producto";"-0.7071067811865475";"0.4950253460597109";4;"Producto"
"la agilidad en el proceso de pago";"384";"Experiencia";"la variedad de productos en la tienda";"404";"Producto";"-0.7071067811865475";"0.4950253460597109";4;"5"
"la Información sobre cambios y garantías";"310";"Experiencia";"la variedad de productos en la tienda";"404";"Producto";"-0.7071067811865475";"0.4950253460597109";4;"5"
"la amabilidad en la atención";"392";"Servicio";"la experiencia y diversión para los niños/as";"342";"Experiencia";"-0.4082482904638631";"0.6041813035905917";4;"Servicio"
"la calidad de los productos";"382";"Producto";"la satisfacción general con la solución a tu caso";"351";"Servicio";"-0.5773502691896257";"0.6376180914006017";4;"Producto"
"el interés e indagación de tu necesidad";"316";"Servicio";"la satisfacción general con la solución a tu caso";"351";"Servicio";"-0.5773502691896257";"0.6376180914006017";4;"Servicio"
"el diseño de los productos";"401";"Producto";"la satisfacción general con la solución a tu caso";"351";"Servicio";"-0.5773502691896257";"0.6376180914006017";4;"Producto"
"la facilidad para encontrar lo que buscabas";"394";"Servicio";"la satisfacción general con la solución a tu caso";"351";"Servicio";"-0.5773502691896257";"0.6376180914006017";4;"Servicio"
"el diseño de los productos";"401";"Producto";"la Información sobre cambios y garantías";"310";"Experiencia";"-0.5773502691896257";"0.6376180914006017";4;"Producto"
"el interés e indagación de tu necesidad";"316";"Servicio";"la agilidad en el proceso de pago";"384";"Experiencia";"-0.5773502691896257";"0.6376180914006017";4;"Servicio"
"el diseño de los productos";"401";"Producto";"la agilidad en el proceso de pago";"384";"Experiencia";"-0.5773502691896257";"0.6376180914006017";4;"Producto"
"la amabilidad en la atención";"392";"Servicio";"la facilidad para contactarnos";"374";"Servicio";"-0.5773502691896257";"0.6376180914006017";4;"Servicio"
"la satisfacción general con la solución a tu caso";"351";"Servicio";"la satisfacción general con los productos";"385";"Producto";"-0.5773502691896257";"0.6376180914006017";4;"Servicio"
"la Información sobre los productos";"380";"Producto";"la satisfacción general con los productos";"385";"Producto";"-0.5773502691896257";"0.6376180914006017";4;"Producto"
"la agilidad en el proceso de pago";"384";"Experiencia";"la satisfacción general con los productos";"385";"Producto";"-0.5773502691896257";"0.6376180914006017";4;"5"
"la Información sobre cambios y garantías";"310";"Experiencia";"la satisfacción general con los productos";"385";"Producto";"-0.5773502691896257";"0.6376180914006017";4;"5"
"la Información sobre cambios y garantías";"310";"Experiencia";"la calidad de los productos";"382";"Producto";"-0.5773502691896257";"0.6376180914006017";4;"5"
"la calidad de los productos";"382";"Producto";"los probadores/Vestier";"316";"Experiencia";"-0.3333333333333333";"0.7176856442107855";4;"Producto"
"la satisfacción general con los productos";"385";"Producto";"los probadores/Vestier";"316";"Experiencia";"-0.3333333333333333";"0.7176856442107855";4;"Producto"
"el precio vs producto adquirido";"326";"Producto";"los espacios de diversión para los niños";"314";"Experiencia";"NaN";"0.7176856442107855";4;"Producto"
"la atención e interés por el niño o la niña";"337";"Servicio";"la satisfacción general con la solución a tu caso";"351";"Servicio";"-0.9045340337332908";"0.7608203755145106";4;"Servicio"
"la satisfacción general con la asesoría y servicio";"393";"Servicio";"la satisfacción general con la solución a tu caso";"351";"Servicio";"0";"1";4;"Servicio"
"la disponibilidad de los productos";"376";"Producto";"la experiencia y diversión para los niños/as";"342";"Experiencia";"0";"1";4;"Producto"
"la experiencia y diversión para los niños/as";"342";"Experiencia";"la variedad de productos en la tienda";"404";"Producto";"0";"1";4;"5"
"el diseño de los productos";"401";"Producto";"la amabilidad de la persona que te atendió";"392";"Servicio";"-0.3333333333333333";"1";4;"Producto"
"el diseño de las vitrinas";"345";"Experiencia";"la satisfacción general con los productos";"385";"Producto";"-0.3333333333333333";"1";4;"5"
"la amabilidad de la persona que te atendió";"392";"Servicio";"la satisfacción general con los productos";"385";"Producto";"-0.3333333333333333";"1";4;"Servicio"
"la facilidad para contactarnos";"374";"Servicio";"la satisfacción general con los productos";"385";"Producto";"-0.3333333333333333";"1";4;"Servicio"
"la amabilidad de la persona que te atendió";"392";"Servicio";"la calidad de los productos";"382";"Producto";"-0.3333333333333333";"1";4;"Servicio"
"la amabilidad de la persona que te atendió";"392";"Servicio";"la facilidad para encontrar lo que buscabas";"394";"Servicio";"-0.3333333333333333";"1";4;"Servicio"
"la facilidad para contactarnos";"374";"Servicio";"la facilidad para encontrar lo que buscabas";"394";"Servicio";"-0.3333333333333333";"1";4;"Servicio"
"la calidad de los productos";"382";"Producto";"la satisfacción general con tu experiencia de compra";"369";"Experiencia";"-0.3333333333333333";"1";4;"Producto"
"la satisfacción general con los productos";"385";"Producto";"la satisfacción general con tu experiencia de compra";"369";"Experiencia";"-0.3333333333333333";"1";4;"Producto"
"el diseño de los productos";"401";"Producto";"la satisfacción general con tu experiencia de compra";"369";"Experiencia";"-0.3333333333333333";"1";4;"Producto"
"la amabilidad en la atención";"392";"Servicio";"los probadores/Vestier";"316";"Experiencia";"-0.5773502691896257";"1";4;"Servicio"
"la amabilidad en la atención";"392";"Servicio";"la satisfacción general con la solución a tu caso";"351";"Servicio";"-1";"1";4;"Servicio"
"el precio vs producto adquirido";"326";"Producto";"la experiencia y diversión para los niños/as";"342";"Experiencia";"NaN";"1";4;"Producto"
"el diseño de los productos";"401";"Producto";"¿Qué tan posible es que vuelvas a comprar en las tiendas de OFFCORSS?";"936";"NPS";"1";"0";5;"Producto"
"el diseño de las vitrinas";"345";"Experiencia";"la facilidad para contactarnos";"374";"Servicio";"0.9999999999999998";"0";6;"5"
"el diseño de las vitrinas";"345";"Experiencia";"la satisfacción general con tu experiencia de compra";"369";"Experiencia";"0.9999999999999998";"0";6;"5"
"la calidad de los productos";"382";"Producto";"¿Qué tan posible es que vuelvas a comprar en las tiendas de OFFCORSS?";"936";"NPS";"0.9999999999999998";"0";6;"Producto"
"NPS";"6342";"NPS";"la satisfacción general con tu experiencia de compra";"369";"Experiencia";"0.7474382050868766";"1.414309170458668e-110";126;"4"
"NPS";"6342";"NPS";"la calidad de los productos";"382";"Producto";"0.6156184875551678";"1.509171379722762e-108";152;"4"
"NPS";"6342";"NPS";"la satisfacción general con los productos";"385";"Producto";"0.520677593348485";"2.119558887457989e-106";138;"4"
"NPS";"6342";"NPS";"la satisfacción general con la solución a tu caso";"351";"Servicio";"0.805246906998539";"7.155210056390118e-105";123;"4"
"NPS";"6342";"NPS";"la facilidad para encontrar lo que buscabas";"394";"Servicio";"0.6363428551709824";"1.50137236897872e-102";138;"4"
"NPS";"6342";"NPS";"el ofrecimiento de opciones para complementar el look";"353";"Servicio";"0.4647546006690445";"1.705826716612576e-100";132;"4"
"NPS";"6342";"NPS";"la facilidad para contactarnos";"374";"Servicio";"0.4953853780812754";"2.295164152149132e-100";119;"4"
"NPS";"6342";"NPS";"la amabilidad de la persona que te atendió";"392";"Servicio";"0.6481684242756014";"4.840052833809961e-99";125;"4"
"NPS";"6342";"NPS";"el tiempo de respuesta";"347";"Servicio";"0.3762855555940952";"2.573360100010147e-97";119;"4"
"NPS";"6342";"NPS";"la agilidad en el proceso de pago";"384";"Experiencia";"0.3699710894739121";"2.311062777381489e-93";129;"4"
"NPS";"6342";"NPS";"el precio vs producto adquirido";"326";"Producto";"0.537295962713771";"1.44725850893952e-90";117;"4"
"NPS";"6342";"NPS";"el interés e indagación de tu necesidad";"316";"Servicio";"0.3086091474237361";"7.698830902409955e-90";119;"4"
"NPS";"6342";"NPS";"la Información sobre los productos";"380";"Producto";"0.6465357235190183";"5.65100955728389e-89";130;"4"
"NPS";"6342";"NPS";"la amabilidad en la atención";"392";"Servicio";"0.398839047285964";"1.232900720046886e-88";124;"4"
"NPS";"6342";"NPS";"la variedad de productos en la tienda";"404";"Producto";"0.3556254567751232";"2.014362772020311e-87";130;"4"
"NPS";"6342";"NPS";"la disponibilidad de los productos";"376";"Producto";"0.2402084102371615";"8.421412192175641e-87";123;"4"
"NPS";"6342";"NPS";"el acompañamiento durante la compra";"426";"Servicio";"0.4313507528926398";"2.065456039429094e-86";134;"4"
"NPS";"6342";"NPS";"el diseño de los productos";"401";"Producto";"0.6217857578090499";"5.313699136128005e-86";152;"4"
"NPS";"6342";"NPS";"la satisfacción general con la asesoría y servicio";"393";"Servicio";"0.1853740881830259";"2.821400500343996e-83";129;"4"
"NPS";"6342";"NPS";"la exhibición de los productos dentro de la tienda";"415";"Producto";"0.2901352594368857";"1.097436360481583e-82";141;"4"
"NPS";"6342";"NPS";"la experiencia y diversión para los niños/as";"342";"Experiencia";"0.4285591860218535";"6.01226496290981e-81";113;"4"
"NPS";"6342";"NPS";"la música y ambientación";"392";"Experiencia";"0.2150502310648878";"9.313326170610046e-81";121;"4"
"NPS";"6342";"NPS";"la atención e interés por el niño o la niña";"337";"Servicio";"0.4536338038629758";"5.588016692445569e-79";120;"4"
"NPS";"6342";"NPS";"el diseño de las vitrinas";"345";"Experiencia";"0.2078401705611384";"1.103785966720751e-75";121;"4"
"NPS";"6342";"NPS";"los probadores/Vestier";"316";"Experiencia";"0.4604511205225484";"1.837094193203598e-74";105;"4"
"NPS";"6342";"NPS";"la Información sobre cambios y garantías";"310";"Experiencia";"0.4585465145127194";"5.816684597055695e-68";101;"4"
"NPS";"6342";"NPS";"los espacios de diversión para los niños";"314";"Experiencia";"0.2040501354540167";"8.044420848410662e-62";104;"4"
"la satisfacción general con los productos";"385";"Producto";"¿Cómo calificarías tu satisfacción general con OFFCORSS?";"862";"NPS";"0.366829215388174";"1.136412437697813e-24";31;"Producto"
"la facilidad para encontrar lo que buscabas";"394";"Servicio";"¿Cómo calificarías tu satisfacción general con OFFCORSS?";"862";"NPS";"0.7324220137800286";"1.080288435788033e-22";21;"Servicio"
"la variedad de productos en la tienda";"404";"Producto";"¿Cómo calificarías tu satisfacción general con OFFCORSS?";"862";"NPS";"0.5877750166755654";"2.309245919294129e-22";36;"Producto"
"la satisfacción general con los productos";"385";"Producto";"¿Qué tan posible es que vuelvas a comprar en las tiendas de OFFCORSS?";"936";"NPS";"0.9375151330497746";"4.099377581369497e-15";12;"Producto"
"el ofrecimiento de opciones para complementar el look";"353";"Servicio";"¿Cómo calificarías tu satisfacción general con OFFCORSS?";"862";"NPS";"0.1936491673103708";"2.084616399504376e-14";14;"Servicio"
"el diseño de los productos";"401";"Producto";"¿Cómo calificarías tu satisfacción general con OFFCORSS?";"862";"NPS";"0.5757575757575757";"1.648002439693479e-12";14;"Producto"
"la amabilidad en la atención";"392";"Servicio";"¿Cómo calificarías tu satisfacción general con OFFCORSS?";"862";"NPS";"NaN";"7.398786007826692e-09";8;"Servicio"
"la satisfacción general con la asesoría y servicio";"393";"Servicio";"¿Cómo calificarías tu satisfacción general con OFFCORSS?";"862";"NPS";"NaN";"7.398786007826692e-09";8;"Servicio"
"la calidad de los productos";"382";"Producto";"¿Cómo calificarías tu satisfacción general con OFFCORSS?";"862";"NPS";"0.6614378277661476";"6.728300158881564e-08";9;"Producto"
"el precio vs producto adquirido";"326";"Producto";"¿Qué tan posible es que vuelvas a comprar en las tiendas de OFFCORSS?";"936";"NPS";"0.7894736842105265";"1.605588579369447e-07";8;"Producto"
"la variedad de productos en la tienda";"404";"Producto";"¿Qué tan posible es que vuelvas a comprar en las tiendas de OFFCORSS?";"936";"NPS";"0.7801852150110314";"2.623959982091323e-07";12;"Producto"
"el tiempo de respuesta";"347";"Servicio";"¿Qué tan posible es que vuelvas a comprar en las tiendas de OFFCORSS?";"936";"NPS";"NaN";"9.13685750289227e-07";6;"Servicio"
"el precio vs producto adquirido";"326";"Producto";"¿Cómo calificarías tu satisfacción general con OFFCORSS?";"862";"NPS";"-0.1139901881468882";"1.025173821741809e-06";9;"Producto"
"el interés e indagación de tu necesidad";"316";"Servicio";"¿Cómo calificarías tu satisfacción general con OFFCORSS?";"862";"NPS";"NaN";"2.071356569152637e-06";6;"Servicio"
"el precio vs producto adquirido";"326";"Producto";"la satisfacción general con los productos";"385";"Producto";"0.5400822772125939";"3.26797510672448e-06";63;"Producto"
"la disponibilidad de los productos";"376";"Producto";"¿Cómo calificarías tu satisfacción general con OFFCORSS?";"862";"NPS";"0.1084652289093281";"5.309324828300002e-06";7;"Producto"
"el diseño de las vitrinas";"345";"Experiencia";"¿Cómo calificarías tu satisfacción general con OFFCORSS?";"862";"NPS";"0.6123724356957947";"1.300130576672138e-05";5;"5"
"la atención e interés por el niño o la niña";"337";"Servicio";"¿Cómo calificarías tu satisfacción general con OFFCORSS?";"862";"NPS";"0.1999999999999999";"1.68297157321242e-05";6;"Servicio"
"el interés e indagación de tu necesidad";"316";"Servicio";"¿Qué tan posible es que vuelvas a comprar en las tiendas de OFFCORSS?";"936";"NPS";"0.4082482904638631";"2.505790049901065e-05";5;"Servicio"
"la disponibilidad de los productos";"376";"Producto";"¿Qué tan posible es que vuelvas a comprar en las tiendas de OFFCORSS?";"936";"NPS";"0.2169304578186562";"0.0001509914575758";6;"Producto"
"NPS";"6342";"NPS";"¿Cómo calificarías tu satisfacción general con OFFCORSS?";"862";"NPS";"0.8688829915359797";"0.0001566021471641";617;"4"
"la satisfacción general con la asesoría y servicio";"393";"Servicio";"¿Qué tan posible es que vuelvas a comprar en las tiendas de OFFCORSS?";"936";"NPS";"-0.1856953381770518";"0.0002253512052779";6;"Servicio"
"el interés e indagación de tu necesidad";"316";"Servicio";"la calidad de los productos";"382";"Producto";"0.4716211091418992";"0.0003050083057218";27;"Servicio"
"el precio vs producto adquirido";"326";"Producto";"la calidad de los productos";"382";"Producto";"0.6355982144678056";"0.0003237097558135";57;"Producto"
"la exhibición de los productos dentro de la tienda";"415";"Producto";"los espacios de diversión para los niños";"314";"Experiencia";"0.5468350574205849";"0.0004061570668447";45;"Producto"
"la experiencia y diversión para los niños/as";"342";"Experiencia";"la satisfacción general con tu experiencia de compra";"369";"Experiencia";"0.8027237092426357";"0.0004279145265407";68;"5"
"la amabilidad en la atención";"392";"Servicio";"la disponibilidad de los productos";"376";"Producto";"0.5919020240036045";"0.0009576916227803";68;"Servicio"
"los espacios de diversión para los niños";"314";"Experiencia";"los probadores/Vestier";"316";"Experiencia";"0.4691852194012983";"0.001138406383659";43;"5"
"la calidad de los productos";"382";"Producto";"la disponibilidad de los productos";"376";"Producto";"0.2325615595182853";"0.0017943535599118";43;"Producto"
"la Información sobre los productos";"380";"Producto";"los espacios de diversión para los niños";"314";"Experiencia";"0.2957426670303581";"0.0020078467793755";34;"Producto"
"la música y ambientación";"392";"Experiencia";"los espacios de diversión para los niños";"314";"Experiencia";"0.5163567735294851";"0.002498939127354";37;"5"
"el diseño de los productos";"401";"Producto";"la disponibilidad de los productos";"376";"Producto";"0.4528764592895514";"0.0049475028948235";30;"Producto"
"la atención e interés por el niño o la niña";"337";"Servicio";"¿Qué tan posible es que vuelvas a comprar en las tiendas de OFFCORSS?";"936";"NPS";"0.8748935037989843";"0.0053366484708068";6;"Servicio"
"la Información sobre los productos";"380";"Producto";"la experiencia y diversión para los niños/as";"342";"Experiencia";"0.5888723952402841";"0.0077430382724413";22;"Producto"
"el interés e indagación de tu necesidad";"316";"Servicio";"los espacios de diversión para los niños";"314";"Experiencia";"0.4705910525045266";"0.0078763889828701";18;"Servicio"
"la agilidad en el proceso de pago";"384";"Experiencia";"los espacios de diversión para los niños";"314";"Experiencia";"0.4643813420101492";"0.0081300791054645";32;"5"
"la facilidad para encontrar lo que buscabas";"394";"Servicio";"la variedad de productos en la tienda";"404";"Producto";"0.5067934713880097";"0.0089961902534398";23;"Servicio"
"la satisfacción general con los productos";"385";"Producto";"la variedad de productos en la tienda";"404";"Producto";"0.4298663372180975";"0.0097574640122703";29;"Producto"
"el precio vs producto adquirido";"326";"Producto";"el tiempo de respuesta";"347";"Servicio";"NaN";"0.0161300899000925";5;"Producto"
"el diseño de los productos";"401";"Producto";"la variedad de productos en la tienda";"404";"Producto";"0.5616697446942472";"0.0178125958639929";46;"Producto"
"la disponibilidad de los productos";"376";"Producto";"la satisfacción general con los productos";"385";"Producto";"0.7462025072446365";"0.0179774804224865";13;"Producto"
"el diseño de las vitrinas";"345";"Experiencia";"los espacios de diversión para los niños";"314";"Experiencia";"0.8427009716003845";"0.0184515285130158";8;"5"
"el interés e indagación de tu necesidad";"316";"Servicio";"la música y ambientación";"392";"Experiencia";"0.8436958338752909";"0.0207113874880811";9;"Servicio"
"el precio vs producto adquirido";"326";"Producto";"la amabilidad en la atención";"392";"Servicio";"0.1048284836721918";"0.0222039041404772";9;"Producto"
"la experiencia y diversión para los niños/as";"342";"Experiencia";"la facilidad para contactarnos";"374";"Servicio";"0.6952845270170557";"0.025380517381281";33;"5"
"la experiencia y diversión para los niños/as";"342";"Experiencia";"los probadores/Vestier";"316";"Experiencia";"0.5159542530193846";"0.0255055608653462";57;"5"
"la Información sobre cambios y garantías";"310";"Experiencia";"la amabilidad de la persona que te atendió";"392";"Servicio";"0.780924191322431";"0.026272175259556";29;"5"
"la Información sobre cambios y garantías";"310";"Experiencia";"la satisfacción general con tu experiencia de compra";"369";"Experiencia";"0.7379802573639975";"0.0264727489342946";31;"5"
"la música y ambientación";"392";"Experiencia";"los probadores/Vestier";"316";"Experiencia";"0.4134146447809077";"0.0297143874957993";28;"5"
"el interés e indagación de tu necesidad";"316";"Servicio";"el precio vs producto adquirido";"326";"Producto";"0.7774288420142416";"0.0312062484279003";22;"Servicio"
"la atención e interés por el niño o la niña";"337";"Servicio";"los espacios de diversión para los niños";"314";"Experiencia";"0.3152441624956403";"0.032274985966952";12;"Servicio"
"el diseño de los productos";"401";"Producto";"el ofrecimiento de opciones para complementar el look";"353";"Servicio";"0.4554464375000176";"0.0368249273205085";26;"Producto"
"NPS";"6342";"NPS";"¿Qué tan posible es que vuelvas a comprar en las tiendas de OFFCORSS?";"936";"NPS";"0.7729593565660016";"0.041294517206842";638;"4"
"la satisfacción general con la solución a tu caso";"351";"Servicio";"la satisfacción general con tu experiencia de compra";"369";"Experiencia";"0.9411750737560808";"0.0439402153063982";39;"Servicio"
"la Información sobre cambios y garantías";"310";"Experiencia";"la agilidad en el proceso de pago";"384";"Experiencia";"0.7013206360401774";"0.0518192829383493";60;"5"
"el diseño de los productos";"401";"Producto";"el precio vs producto adquirido";"326";"Producto";"0.2708681694429806";"0.0530978183135557";11;"Producto"
"el ofrecimiento de opciones para complementar el look";"353";"Servicio";"la exhibición de los productos dentro de la tienda";"415";"Producto";"0.2335496832484568";"0.0532319852752332";13;"Servicio"
"la disponibilidad de los productos";"376";"Producto";"la facilidad para encontrar lo que buscabas";"394";"Servicio";"0.7807724367345306";"0.0582528663429478";38;"Producto"
"el diseño de los productos";"401";"Producto";"la satisfacción general con los productos";"385";"Producto";"0.535331827647122";"0.0586815269055522";59;"Producto"
"el ofrecimiento de opciones para complementar el look";"353";"Servicio";"la calidad de los productos";"382";"Producto";"0.0968245836551854";"0.0652879528891119";15;"Servicio"
"el tiempo de respuesta";"347";"Servicio";"la experiencia y diversión para los niños/as";"342";"Experiencia";"0.5841584158415841";"0.0694585820262896";14;"Servicio"
"la satisfacción general con la asesoría y servicio";"393";"Servicio";"los espacios de diversión para los niños";"314";"Experiencia";"0.2656266012454299";"0.0703338622992329";11;"Servicio"
"el precio vs producto adquirido";"326";"Producto";"la satisfacción general con la asesoría y servicio";"393";"Servicio";"0.9128709291752768";"0.0704839969102199";5;"Producto"
"la amabilidad de la persona que te atendió";"392";"Servicio";"la experiencia y diversión para los niños/as";"342";"Experiencia";"0.6125984951503902";"0.0709870380756581";28;"Servicio"
"la amabilidad en la atención";"392";"Servicio";"la variedad de productos en la tienda";"404";"Producto";"0.3674813628643882";"0.0726807704403426";24;"Servicio"
"el diseño de las vitrinas";"345";"Experiencia";"el precio vs producto adquirido";"326";"Producto";"0.3162277660168379";"0.0755868184216124";6;"5"
"el precio vs producto adquirido";"326";"Producto";"la exhibición de los productos dentro de la tienda";"415";"Producto";"-0.0830454798537399";"0.0755868184216124";6;"Producto"
"el acompañamiento durante la compra";"426";"Servicio";"el precio vs producto adquirido";"326";"Producto";"0.5714285714285714";"0.0815533987016056";11;"Servicio"
"el diseño de las vitrinas";"345";"Experiencia";"los probadores/Vestier";"316";"Experiencia";"0.7453559924999298";"0.0818642311656944";12;"5"
"la experiencia y diversión para los niños/as";"342";"Experiencia";"los espacios de diversión para los niños";"314";"Experiencia";"0.9200987231468196";"0.0820974330649426";13;"5"
"el tiempo de respuesta";"347";"Servicio";"la satisfacción general con la solución a tu caso";"351";"Servicio";"0.722806322324201";"0.0831548665581954";39;"Servicio"
"la exhibición de los productos dentro de la tienda";"415";"Producto";"la experiencia y diversión para los niños/as";"342";"Experiencia";"0.5310850045437944";"0.0876932569773783";14;"Producto"
"el ofrecimiento de opciones para complementar el look";"353";"Servicio";"la atención e interés por el niño o la niña";"337";"Servicio";"0.7378522017874537";"0.0881671763210893";40;"Servicio"
"la amabilidad de la persona que te atendió";"392";"Servicio";"los espacios de diversión para los niños";"314";"Experiencia";"-0.2095395190312374";"0.0948468697782053";11;"Servicio"
"la Información sobre cambios y garantías";"310";"Experiencia";"los espacios de diversión para los niños";"314";"Experiencia";"0.6340294594746585";"0.0954520089927406";9;"5"
"la satisfacción general con tu experiencia de compra";"369";"Experiencia";"los espacios de diversión para los niños";"314";"Experiencia";"0.7844645405527362";"0.0957339094712593";10;"5"
"el interés e indagación de tu necesidad";"316";"Servicio";"la exhibición de los productos dentro de la tienda";"415";"Producto";"0.4551495636817562";"0.0961608855308696";18;"Servicio"
"la calidad de los productos";"382";"Producto";"la variedad de productos en la tienda";"404";"Producto";"0.3750457847507963";"0.0961616389711567";17;"Producto"
"la satisfacción general con la solución a tu caso";"351";"Servicio";"los espacios de diversión para los niños";"314";"Experiencia";"0.6666666666666667";"0.0993006832137267";5;"Servicio"
"la satisfacción general con tu experiencia de compra";"369";"Experiencia";"los probadores/Vestier";"316";"Experiencia";"0.4082482904638631";"0.1036845279999081";18;"5"
"el interés e indagación de tu necesidad";"316";"Servicio";"la satisfacción general con los productos";"385";"Producto";"0.2294157338705617";"0.1037864915862715";9;"Servicio"
"la calidad de los productos";"382";"Producto";"los espacios de diversión para los niños";"314";"Experiencia";"-0.5813183589761798";"0.1105666907312355";6;"Producto"
"la agilidad en el proceso de pago";"384";"Experiencia";"la experiencia y diversión para los niños/as";"342";"Experiencia";"0.3392998230651797";"0.1325053142197811";35;"5"
"el acompañamiento durante la compra";"426";"Servicio";"los espacios de diversión para los niños";"314";"Experiencia";"0.5425437600653231";"0.1327417224064407";35;"Servicio"
"la Información sobre los productos";"380";"Producto";"los probadores/Vestier";"316";"Experiencia";"0.7877854229560239";"0.1333624034914859";41;"Producto"
"la música y ambientación";"392";"Experiencia";"la satisfacción general con tu experiencia de compra";"369";"Experiencia";"0.6012750165852729";"0.1346552565620601";23;"5"
"el tiempo de respuesta";"347";"Servicio";"la amabilidad de la persona que te atendió";"392";"Servicio";"0.8306156624061397";"0.134907775051724";56;"Servicio"
"la atención e interés por el niño o la niña";"337";"Servicio";"la exhibición de los productos dentro de la tienda";"415";"Producto";"0.1020620726159657";"0.1373613938324929";19;"Servicio"
"el diseño de las vitrinas";"345";"Experiencia";"el diseño de los productos";"401";"Producto";"0.3631107949765528";"0.1375622160458356";18;"5"
"el tiempo de respuesta";"347";"Servicio";"los espacios de diversión para los niños";"314";"Experiencia";"0.4961389383568338";"0.1381847553511832";10;"Servicio"
"la amabilidad en la atención";"392";"Servicio";"los espacios de diversión para los niños";"314";"Experiencia";"-0.6250000000000001";"0.1438108087116039";6;"Servicio"
"la Información sobre los productos";"380";"Producto";"la música y ambientación";"392";"Experiencia";"0.6057214146573536";"0.1472133244149755";31;"Producto"
"el diseño de los productos";"401";"Producto";"los espacios de diversión para los niños";"314";"Experiencia";"0.1364267906529425";"0.1507504566021195";13;"Producto"
"la experiencia y diversión para los niños/as";"342";"Experiencia";"la música y ambientación";"392";"Experiencia";"0.6119487950807891";"0.1622978330758007";21;"5"
"el interés e indagación de tu necesidad";"316";"Servicio";"el ofrecimiento de opciones para complementar el look";"353";"Servicio";"0.606976978666884";"0.1622978330758007";21;"Servicio"
"el interés e indagación de tu necesidad";"316";"Servicio";"la disponibilidad de los productos";"376";"Producto";"0.9473914155187068";"0.1660868135182956";12;"Servicio"
"la Información sobre cambios y garantías";"310";"Experiencia";"la música y ambientación";"392";"Experiencia";"0.5222329678670935";"0.1660868135182956";12;"5"
"la amabilidad en la atención";"392";"Servicio";"la música y ambientación";"392";"Experiencia";"NaN";"0.1704706607870537";8;"Servicio"
"la facilidad para encontrar lo que buscabas";"394";"Servicio";"la satisfacción general con los productos";"385";"Producto";"0.8062257748298551";"0.1723082967304";7;"Servicio"
"el interés e indagación de tu necesidad";"316";"Servicio";"la variedad de productos en la tienda";"404";"Producto";"0.710046946804693";"0.1723082967304";7;"Servicio"
"el ofrecimiento de opciones para complementar el look";"353";"Servicio";"la Información sobre cambios y garantías";"310";"Experiencia";"0.5477225575051663";"0.1723082967304001";7;"Servicio"
"el ofrecimiento de opciones para complementar el look";"353";"Servicio";"la amabilidad de la persona que te atendió";"392";"Servicio";"0.4714045207910318";"0.1723082967304001";7;"Servicio"
"el tiempo de respuesta";"347";"Servicio";"la calidad de los productos";"382";"Producto";"NaN";"0.1723082967304001";7;"Servicio"
"el acompañamiento durante la compra";"426";"Servicio";"la agilidad en el proceso de pago";"384";"Experiencia";"0.3630958069469013";"0.1734222575989557";36;"Servicio"
"la exhibición de los productos dentro de la tienda";"415";"Producto";"la satisfacción general con la solución a tu caso";"351";"Servicio";"0.7905694150420949";"0.1746878142641195";6;"Producto"
"la amabilidad de la persona que te atendió";"392";"Servicio";"la atención e interés por el niño o la niña";"337";"Servicio";"0.875";"0.1778078083562214";5;"Servicio"
"la facilidad para contactarnos";"374";"Servicio";"la satisfacción general con la asesoría y servicio";"393";"Servicio";"0.4082482904638631";"0.1778078083562214";5;"Servicio"
"el interés e indagación de tu necesidad";"316";"Servicio";"la facilidad para contactarnos";"374";"Servicio";"0.4082482904638631";"0.1778078083562214";5;"Servicio"
"el interés e indagación de tu necesidad";"316";"Servicio";"la satisfacción general con tu experiencia de compra";"369";"Experiencia";"0.4082482904638631";"0.1778078083562214";5;"Servicio"
"el ofrecimiento de opciones para complementar el look";"353";"Servicio";"la satisfacción general con tu experiencia de compra";"369";"Experiencia";"0.4082482904638631";"0.1778078083562214";5;"Servicio"
"el tiempo de respuesta";"347";"Servicio";"la satisfacción general con la asesoría y servicio";"393";"Servicio";"NaN";"0.1778078083562214";5;"Servicio"
"el ofrecimiento de opciones para complementar el look";"353";"Servicio";"el precio vs producto adquirido";"326";"Producto";"NaN";"0.1778078083562214";5;"Servicio"
"la Información sobre cambios y garantías";"310";"Experiencia";"la exhibición de los productos dentro de la tienda";"415";"Producto";"-0.1001670844941266";"0.1803429161173727";12;"5"
"la atención e interés por el niño o la niña";"337";"Servicio";"la facilidad para encontrar lo que buscabas";"394";"Servicio";"0.3516855356301667";"0.1808207025958053";45;"Servicio"
"el diseño de los productos";"401";"Producto";"la amabilidad en la atención";"392";"Servicio";"0.8177143244543967";"0.185271900251848";24;"Producto"
"la satisfacción general con la asesoría y servicio";"393";"Servicio";"la satisfacción general con tu experiencia de compra";"369";"Experiencia";"0.6477984695434662";"0.1901514306230486";13;"Servicio"
"el diseño de las vitrinas";"345";"Experiencia";"la Información sobre los productos";"380";"Producto";"0.0178752019816135";"0.1981890401134475";39;"5"
"el diseño de las vitrinas";"345";"Experiencia";"la variedad de productos en la tienda";"404";"Producto";"0.2581988897471611";"0.1996216727260799";7;"5"
"el diseño de las vitrinas";"345";"Experiencia";"la exhibición de los productos dentro de la tienda";"415";"Producto";"0.6987150705029006";"0.2092567299251263";48;"5"
"el interés e indagación de tu necesidad";"316";"Servicio";"la amabilidad en la atención";"392";"Servicio";"0.6827833206212106";"0.2118771591975749";51;"Servicio"
"la Información sobre cambios y garantías";"310";"Experiencia";"la experiencia y diversión para los niños/as";"342";"Experiencia";"0.5976143046671968";"0.2162483651372662";16;"5"
"la facilidad para encontrar lo que buscabas";"394";"Servicio";"la satisfacción general con la asesoría y servicio";"393";"Servicio";"0.4319883778072316";"0.2255767803774947";36;"Servicio"
"el diseño de las vitrinas";"345";"Experiencia";"la Información sobre cambios y garantías";"310";"Experiencia";"0.0698430295769578";"0.2353874772781899";6;"5"
"el acompañamiento durante la compra";"426";"Servicio";"la Información sobre cambios y garantías";"310";"Experiencia";"0.0456873511701266";"0.2359881318866417";12;"Servicio"
"el tiempo de respuesta";"347";"Servicio";"la Información sobre cambios y garantías";"310";"Experiencia";"0.6175284727456689";"0.25350472439905";38;"Servicio"
"el acompañamiento durante la compra";"426";"Servicio";"el ofrecimiento de opciones para complementar el look";"353";"Servicio";"0.5204908320065358";"0.261036390677783";66;"Servicio"
"el diseño de los productos";"401";"Producto";"la calidad de los productos";"382";"Producto";"0.6978066483726462";"0.2629722946836693";34;"Producto"
"el precio vs producto adquirido";"326";"Producto";"la variedad de productos en la tienda";"404";"Producto";"0.1740776559556978";"0.2643228801997276";28;"Producto"
"la Información sobre los productos";"380";"Producto";"la satisfacción general con tu experiencia de compra";"369";"Experiencia";"0.3075785792435169";"0.2652487734787708";25;"Producto"
"la agilidad en el proceso de pago";"384";"Experiencia";"la amabilidad de la persona que te atendió";"392";"Servicio";"0.7261284586946017";"0.2656104926976462";24;"5"
"el precio vs producto adquirido";"326";"Producto";"la facilidad para encontrar lo que buscabas";"394";"Servicio";"0.3216337604513384";"0.2702110643932934";16;"Producto"
"el acompañamiento durante la compra";"426";"Servicio";"la calidad de los productos";"382";"Producto";"0.5555555555555556";"0.2753455487087303";8;"Servicio"
"la música y ambientación";"392";"Experiencia";"la satisfacción general con la solución a tu caso";"351";"Servicio";"-0.1209834796239568";"0.2755177146900527";9;"5"
"la disponibilidad de los productos";"376";"Producto";"la exhibición de los productos dentro de la tienda";"415";"Producto";"0.107676380411633";"0.276727019869968";11;"Producto"
"el diseño de los productos";"401";"Producto";"la experiencia y diversión para los niños/as";"342";"Experiencia";"-0.2282177322938192";"0.2796582909046577";7;"Producto"
"la facilidad para encontrar lo que buscabas";"394";"Servicio";"los espacios de diversión para los niños";"314";"Experiencia";"-0.3535533905932738";"0.285590940645201";6;"Servicio"
"la satisfacción general con la asesoría y servicio";"393";"Servicio";"la satisfacción general con los productos";"385";"Producto";"-0.4564354645876385";"0.2942563680244261";5;"Servicio"
"la atención e interés por el niño o la niña";"337";"Servicio";"la disponibilidad de los productos";"376";"Producto";"0.6888493582553882";"0.2980207007542182";18;"Servicio"
"el precio vs producto adquirido";"326";"Producto";"la disponibilidad de los productos";"376";"Producto";"0.3954451423680188";"0.2981589422612565";50;"Producto"
"el acompañamiento durante la compra";"426";"Servicio";"la facilidad para encontrar lo que buscabas";"394";"Servicio";"-0.0698856557814612";"0.2987189818317305";10;"Servicio"
"la disponibilidad de los productos";"376";"Producto";"los probadores/Vestier";"316";"Experiencia";"0";"0.3045587846805349";5;"Producto"
"la amabilidad de la persona que te atendió";"392";"Servicio";"la satisfacción general con la solución a tu caso";"351";"Servicio";"0.7899499522919836";"0.3060003059860691";94;"Servicio"
"la facilidad para contactarnos";"374";"Servicio";"los espacios de diversión para los niños";"314";"Experiencia";"0.0639456834479231";"0.3158906629549419";8;"Servicio"
"la amabilidad en la atención";"392";"Servicio";"la calidad de los productos";"382";"Producto";"0.4378207007358179";"0.3211974824631683";63;"Servicio"
"el acompañamiento durante la compra";"426";"Servicio";"la satisfacción general con la asesoría y servicio";"393";"Servicio";"0.9910939155779162";"0.3224313400159678";48;"Servicio"
"el tiempo de respuesta";"347";"Servicio";"la agilidad en el proceso de pago";"384";"Experiencia";"0.9559871113559336";"0.3243747105262046";35;"Servicio"
"la agilidad en el proceso de pago";"384";"Experiencia";"la satisfacción general con tu experiencia de compra";"369";"Experiencia";"0.7929456344859236";"0.3265270222606143";27;"5"
"la amabilidad en la atención";"392";"Servicio";"la atención e interés por el niño o la niña";"337";"Servicio";"0.9759129628392746";"0.3281832618806692";23;"Servicio"
"el acompañamiento durante la compra";"426";"Servicio";"la atención e interés por el niño o la niña";"337";"Servicio";"0.4712233855217926";"0.3313327620386782";18;"Servicio"
"la calidad de los productos";"382";"Producto";"la satisfacción general con los productos";"385";"Producto";"0.6846531968814576";"0.3321949846529793";17;"Producto"
"la disponibilidad de los productos";"376";"Producto";"la variedad de productos en la tienda";"404";"Producto";"0.9867960738005634";"0.333170135915476";16;"Producto"
"la Información sobre cambios y garantías";"310";"Experiencia";"la satisfacción general con la solución a tu caso";"351";"Servicio";"0.3383414385564757";"0.333170135915476";16;"5"
"la Información sobre los productos";"380";"Producto";"la facilidad para contactarnos";"374";"Servicio";"0.9014729960756244";"0.3342819433946576";15;"Producto"
"la amabilidad en la atención";"392";"Servicio";"la satisfacción general con los productos";"385";"Producto";"0.778498944161523";"0.3370490579535843";13;"Servicio"
"la agilidad en el proceso de pago";"384";"Experiencia";"los probadores/Vestier";"316";"Experiencia";"0.8623479969227099";"0.3408931323020596";11;"5"
"la exhibición de los productos dentro de la tienda";"415";"Producto";"la satisfacción general con tu experiencia de compra";"369";"Experiencia";"0.769800358919501";"0.3408931323020596";11;"Producto"
"la Información sobre los productos";"380";"Producto";"la facilidad para encontrar lo que buscabas";"394";"Servicio";"0.1336306209562122";"0.3408931323020596";11;"Producto"
"el tiempo de respuesta";"347";"Servicio";"la música y ambientación";"392";"Experiencia";"NaN";"0.3408931323020596";11;"Servicio"
"el ofrecimiento de opciones para complementar el look";"353";"Servicio";"la satisfacción general con la asesoría y servicio";"393";"Servicio";"0.7637626158259732";"0.3434363961379135";10;"Servicio"
"el ofrecimiento de opciones para complementar el look";"353";"Servicio";"la Información sobre los productos";"380";"Producto";"0.7745966692414833";"0.3506166628202073";8;"Servicio"
"la Información sobre los productos";"380";"Producto";"la satisfacción general con la solución a tu caso";"351";"Servicio";"0.74535599249993";"0.3506166628202073";8;"Producto"
"la amabilidad de la persona que te atendió";"392";"Servicio";"la satisfacción general con la asesoría y servicio";"393";"Servicio";"0.6546536707079773";"0.3506166628202073";8;"Servicio"
"el diseño de las vitrinas";"345";"Experiencia";"la calidad de los productos";"382";"Producto";"0.408248290463863";"0.3506166628202073";8;"5"
"la calidad de los productos";"382";"Producto";"la música y ambientación";"392";"Experiencia";"NaN";"0.3506166628202073";8;"Producto"
"la facilidad para contactarnos";"374";"Servicio";"los probadores/Vestier";"316";"Experiencia";"1";"0.355917683749582";7;"Servicio"
"la exhibición de los productos dentro de la tienda";"415";"Producto";"la facilidad para contactarnos";"374";"Servicio";"0.996546439928714";"0.355917683749582";7;"Producto"
"el acompañamiento durante la compra";"426";"Servicio";"la amabilidad de la persona que te atendió";"392";"Servicio";"0.6454972243679029";"0.355917683749582";7;"Servicio"
"el acompañamiento durante la compra";"426";"Servicio";"la satisfacción general con tu experiencia de compra";"369";"Experiencia";"0.6454972243679029";"0.355917683749582";7;"Servicio"
"el precio vs producto adquirido";"326";"Producto";"la atención e interés por el niño o la niña";"337";"Servicio";"0.3721042037676254";"0.355917683749582";7;"Producto"
"el interés e indagación de tu necesidad";"316";"Servicio";"los probadores/Vestier";"316";"Experiencia";"0.3721042037676254";"0.355917683749582";7;"Servicio"
"el acompañamiento durante la compra";"426";"Servicio";"la variedad de productos en la tienda";"404";"Producto";"0.3535533905932737";"0.355917683749582";7;"Servicio"
"la atención e interés por el niño o la niña";"337";"Servicio";"la satisfacción general con los productos";"385";"Producto";"0.3202563076101743";"0.355917683749582";7;"Servicio"
"la atención e interés por el niño o la niña";"337";"Servicio";"la calidad de los productos";"382";"Producto";"0.3202563076101743";"0.355917683749582";7;"Servicio"
"el diseño de los productos";"401";"Producto";"la Información sobre los productos";"380";"Producto";"-0.3535533905932737";"0.355917683749582";7;"Producto"
"el acompañamiento durante la compra";"426";"Servicio";"la facilidad para contactarnos";"374";"Servicio";"0.6324555320336759";"0.3632174676491225";6;"Servicio"
"el ofrecimiento de opciones para complementar el look";"353";"Servicio";"la satisfacción general con los productos";"385";"Producto";"-0.447213595499958";"0.3632174676491225";6;"Servicio"
"la Información sobre los productos";"380";"Producto";"la agilidad en el proceso de pago";"384";"Experiencia";"0.3799893513052794";"0.3649468326929435";14;"Producto"
"el tiempo de respuesta";"347";"Servicio";"la Información sobre los productos";"380";"Producto";"0.6490983714339646";"0.3733371336644256";35;"Servicio"
"la experiencia y diversión para los niños/as";"342";"Experiencia";"la satisfacción general con la asesoría y servicio";"393";"Servicio";"0.840168050416806";"0.3739009663000588";5;"5"
"el acompañamiento durante la compra";"426";"Servicio";"la experiencia y diversión para los niños/as";"342";"Experiencia";"0.74535599249993";"0.3739009663000588";5;"Servicio"
"la amabilidad de la persona que te atendió";"392";"Servicio";"la amabilidad en la atención";"392";"Servicio";"0.6123724356957946";"0.3739009663000588";5;"Servicio"
"el diseño de las vitrinas";"345";"Experiencia";"el tiempo de respuesta";"347";"Servicio";"NaN";"0.3739009663000588";5;"5"
"el tiempo de respuesta";"347";"Servicio";"la facilidad para encontrar lo que buscabas";"394";"Servicio";"NaN";"0.3739009663000588";5;"Servicio"
"el ofrecimiento de opciones para complementar el look";"353";"Servicio";"la facilidad para encontrar lo que buscabas";"394";"Servicio";"0.5851427466969775";"0.3891839006657981";53;"Servicio"
"el diseño de las vitrinas";"345";"Experiencia";"la disponibilidad de los productos";"376";"Producto";"-0.0978231976089037";"0.3972038407802933";9;"5"
"la exhibición de los productos dentro de la tienda";"415";"Producto";"la satisfacción general con la asesoría y servicio";"393";"Servicio";"0.8560623463128474";"0.423495088493346";30;"Producto"
"la amabilidad en la atención";"392";"Servicio";"la satisfacción general con la asesoría y servicio";"393";"Servicio";"0.8326863200918628";"0.424173642082117";28;"Servicio"
"el acompañamiento durante la compra";"426";"Servicio";"la exhibición de los productos dentro de la tienda";"415";"Producto";"0.6723629353542935";"0.428106976002339";58;"Servicio"
"la atención e interés por el niño o la niña";"337";"Servicio";"la satisfacción general con la asesoría y servicio";"393";"Servicio";"0.4140393356054125";"0.4382058993376581";12;"Servicio"
"el acompañamiento durante la compra";"426";"Servicio";"el diseño de los productos";"401";"Producto";"-0.3563483225498991";"0.4405216964361721";11;"Servicio"
"la amabilidad de la persona que te atendió";"392";"Servicio";"los probadores/Vestier";"316";"Experiencia";"0.454681344833694";"0.455354638381868";17;"Servicio"
"el ofrecimiento de opciones para complementar el look";"353";"Servicio";"la variedad de productos en la tienda";"404";"Producto";"-0.0589255650988789";"0.4570516478374689";7;"Servicio"
"la exhibición de los productos dentro de la tienda";"415";"Producto";"la variedad de productos en la tienda";"404";"Producto";"-0.1581138830084189";"0.465022638260757";6;"Producto"
"la satisfacción general con la asesoría y servicio";"393";"Servicio";"la variedad de productos en la tienda";"404";"Producto";"-0.242535625036333";"0.465022638260757";6;"Servicio"
"el diseño de los productos";"401";"Producto";"los probadores/Vestier";"316";"Experiencia";"-0.2927700218845599";"0.465022638260757";6;"Producto"
"el acompañamiento durante la compra";"426";"Servicio";"la música y ambientación";"392";"Experiencia";"0.034985571427066";"0.4664850191629107";17;"Servicio"
"el diseño de las vitrinas";"345";"Experiencia";"el ofrecimiento de opciones para complementar el look";"353";"Servicio";"0.665163911350256";"0.475617087012039";32;"5"
"la Información sobre cambios y garantías";"310";"Experiencia";"la satisfacción general con la asesoría y servicio";"393";"Servicio";"0.659451956102266";"0.4826646580753279";18;"5"
"la agilidad en el proceso de pago";"384";"Experiencia";"la atención e interés por el niño o la niña";"337";"Servicio";"0.7267381978674992";"0.5058518285908016";11;"5"
"el interés e indagación de tu necesidad";"316";"Servicio";"la facilidad para encontrar lo que buscabas";"394";"Servicio";"0.4453520388043414";"0.5222164354880903";29;"Servicio"
"el ofrecimiento de opciones para complementar el look";"353";"Servicio";"la música y ambientación";"392";"Experiencia";"0.5323985062691117";"0.5274703227829307";25;"Servicio"
"la disponibilidad de los productos";"376";"Producto";"la música y ambientación";"392";"Experiencia";"0.0796880914372484";"0.5291629481681215";17;"Producto"
"el acompañamiento durante la compra";"426";"Servicio";"los probadores/Vestier";"316";"Experiencia";"0.2593218476574586";"0.5402103478344087";21;"Servicio"
"la disponibilidad de los productos";"376";"Producto";"los espacios de diversión para los niños";"314";"Experiencia";"0.4024922359499621";"0.5587899692492138";9;"Producto"
"la agilidad en el proceso de pago";"384";"Experiencia";"la música y ambientación";"392";"Experiencia";"0.0705011934074645";"0.5627808900513802";19;"5"
"la facilidad para contactarnos";"374";"Servicio";"la satisfacción general con la solución a tu caso";"351";"Servicio";"0.5620834987870981";"0.5706348819380027";38;"Servicio"
"la Información sobre cambios y garantías";"310";"Experiencia";"la Información sobre los productos";"380";"Producto";"0.668295112572225";"0.5728237097599886";29;"5"
"la facilidad para contactarnos";"374";"Servicio";"la música y ambientación";"392";"Experiencia";"0.3768271744461561";"0.5738965965433273";26;"Servicio"
"el diseño de las vitrinas";"345";"Experiencia";"la facilidad para encontrar lo que buscabas";"394";"Servicio";"0.3162277660168379";"0.5785552980043591";18;"5"
"el diseño de los productos";"401";"Producto";"la facilidad para encontrar lo que buscabas";"394";"Servicio";"0.8901668356098578";"0.5804709682596473";16;"Producto"
"el interés e indagación de tu necesidad";"316";"Servicio";"la satisfacción general con la asesoría y servicio";"393";"Servicio";"0.4622501635210243";"0.5804709682596473";16;"Servicio"
"la calidad de los productos";"382";"Producto";"la satisfacción general con la asesoría y servicio";"393";"Servicio";"0.3026137663344012";"0.5804709682596473";16;"Producto"
"el diseño de las vitrinas";"345";"Experiencia";"la amabilidad en la atención";"392";"Servicio";"0.5969555529546482";"0.5829538031976742";14;"5"
"la exhibición de los productos dentro de la tienda";"415";"Producto";"la facilidad para encontrar lo que buscabas";"394";"Servicio";"0.2581988897471611";"0.5862993069206738";12;"Producto"
"la variedad de productos en la tienda";"404";"Producto";"los espacios de diversión para los niños";"314";"Experiencia";"-0.3100868364730211";"0.587049639787056";5;"Producto"
"la amabilidad en la atención";"392";"Servicio";"la exhibición de los productos dentro de la tienda";"415";"Producto";"-0.1666666666666666";"0.5910512317836047";10;"Servicio"
"el ofrecimiento de opciones para complementar el look";"353";"Servicio";"la amabilidad en la atención";"392";"Servicio";"0.1490711984999859";"0.5983311559987461";8;"Servicio"
"el acompañamiento durante la compra";"426";"Servicio";"la disponibilidad de los productos";"376";"Producto";"-0.2132007163556104";"0.5983311559987461";8;"Servicio"
"la exhibición de los productos dentro de la tienda";"415";"Producto";"la música y ambientación";"392";"Experiencia";"0.6250908158904347";"0.59966515689969";38;"Producto"
"la experiencia y diversión para los niños/as";"342";"Experiencia";"la satisfacción general con la solución a tu caso";"351";"Servicio";"0.8810741752911102";"0.5998481634069479";37;"5"
"la atención e interés por el niño o la niña";"337";"Servicio";"la música y ambientación";"392";"Experiencia";"0.5010749999851217";"0.6000414713373239";36;"Servicio"
"la Información sobre los productos";"380";"Producto";"la calidad de los productos";"382";"Producto";"0.0912870929175276";"0.6036450565101364";7;"Producto"
"el diseño de las vitrinas";"345";"Experiencia";"la agilidad en el proceso de pago";"384";"Experiencia";"0.4629100498862757";"0.6108811833962551";6;"5"
"el acompañamiento durante la compra";"426";"Servicio";"la satisfacción general con los productos";"385";"Producto";"-0.3162277660168379";"0.6108811833962551";6;"Servicio"
"la agilidad en el proceso de pago";"384";"Experiencia";"la calidad de los productos";"382";"Producto";"-0.3162277660168379";"0.6108811833962551";6;"5"
"la experiencia y diversión para los niños/as";"342";"Experiencia";"la facilidad para encontrar lo que buscabas";"394";"Servicio";"-0.4264014327112209";"0.6108811833962551";6;"5"
"la facilidad para encontrar lo que buscabas";"394";"Servicio";"la satisfacción general con tu experiencia de compra";"369";"Experiencia";"0.7717436331412898";"0.6213082950374968";5;"Servicio"
"la exhibición de los productos dentro de la tienda";"415";"Producto";"la satisfacción general con los productos";"385";"Producto";"0.4082482904638631";"0.6213082950374968";5;"Producto"
"la agilidad en el proceso de pago";"384";"Experiencia";"la facilidad para encontrar lo que buscabas";"394";"Servicio";"-0.1666666666666667";"0.6213082950374968";5;"5"
"la Información sobre cambios y garantías";"310";"Experiencia";"la facilidad para encontrar lo que buscabas";"394";"Servicio";"-0.4082482904638631";"0.6213082950374968";5;"5"
"la amabilidad en la atención";"392";"Servicio";"la satisfacción general con tu experiencia de compra";"369";"Experiencia";"-0.4082482904638631";"0.6213082950374968";5;"Servicio"
"el acompañamiento durante la compra";"426";"Servicio";"la Información sobre los productos";"380";"Producto";"0.4498540440374639";"0.6436925457074782";19;"Servicio"
"la Información sobre los productos";"380";"Producto";"la exhibición de los productos dentro de la tienda";"415";"Producto";"0.4310264875926355";"0.644315403385647";34;"Producto"
"el ofrecimiento de opciones para complementar el look";"353";"Servicio";"los espacios de diversión para los niños";"314";"Experiencia";"0.2426307930309847";"0.6594696605115";11;"Servicio"
"la agilidad en el proceso de pago";"384";"Experiencia";"la satisfacción general con la solución a tu caso";"351";"Servicio";"0.7436794391350268";"0.6643060340023001";24;"5"
"la agilidad en el proceso de pago";"384";"Experiencia";"la facilidad para contactarnos";"374";"Servicio";"0.7497397704945332";"0.6657032602970396";21;"5"
"la Información sobre los productos";"380";"Producto";"la amabilidad de la persona que te atendió";"392";"Servicio";"0.6730032754681021";"0.66626413769866";20;"Producto"
"el acompañamiento durante la compra";"426";"Servicio";"el interés e indagación de tu necesidad";"316";"Servicio";"0.8656164189192286";"0.6675772869220892";18;"Servicio"
"el diseño de las vitrinas";"345";"Experiencia";"la satisfacción general con la asesoría y servicio";"393";"Servicio";"0.4150976710049047";"0.6720490422488852";58;"5"
"la Información sobre cambios y garantías";"310";"Experiencia";"la facilidad para contactarnos";"374";"Servicio";"0.6128831717609684";"0.6726862732575225";13;"5"
"la Información sobre cambios y garantías";"310";"Experiencia";"los probadores/Vestier";"316";"Experiencia";"0.3097791822069851";"0.6765313057791675";33;"5"
"el diseño de los productos";"401";"Producto";"la exhibición de los productos dentro de la tienda";"415";"Producto";"-0.3779644730092272";"0.6810571608718816";9;"Producto"
"¿Cómo calificarías tu satisfacción general con OFFCORSS?";"862";"NPS";"¿Qué tan posible es que vuelvas a comprar en las tiendas de OFFCORSS?";"936";"NPS";"0.8792274013837339";"0.6888916006091331";37;"4"
"la disponibilidad de los productos";"376";"Producto";"la satisfacción general con la asesoría y servicio";"393";"Servicio";"0.6959086639151132";"0.6888916006091331";37;"Producto"
"el interés e indagación de tu necesidad";"316";"Servicio";"la atención e interés por el niño o la niña";"337";"Servicio";"0.6262124501812509";"0.6890545295458246";36;"Servicio"
"el diseño de los productos";"401";"Producto";"la atención e interés por el niño o la niña";"337";"Servicio";"0.1709852822203324";"0.6900289059920686";31;"Producto"
"el interés e indagación de tu necesidad";"316";"Servicio";"la experiencia y diversión para los niños/as";"342";"Experiencia";"0.6030226891555273";"0.695192295931711";6;"Servicio"
"la Información sobre cambios y garantías";"310";"Experiencia";"la amabilidad en la atención";"392";"Servicio";"-0.7071067811865477";"0.695192295931711";6;"5"
"la facilidad para encontrar lo que buscabas";"394";"Servicio";"los probadores/Vestier";"316";"Experiencia";"-0.25";"0.7039999999999998";5;"Servicio"
"el tiempo de respuesta";"347";"Servicio";"los probadores/Vestier";"316";"Experiencia";"0.8250596904721919";"0.7162313833164171";19;"Servicio"
"el tiempo de respuesta";"347";"Servicio";"la exhibición de los productos dentro de la tienda";"415";"Producto";"0.7568892626614565";"0.7227238255361574";12;"Servicio"
"la atención e interés por el niño o la niña";"337";"Servicio";"la satisfacción general con tu experiencia de compra";"369";"Experiencia";"0.1842105263157894";"0.7287339886104593";9;"Servicio"
"el ofrecimiento de opciones para complementar el look";"353";"Servicio";"los probadores/Vestier";"316";"Experiencia";"0.5330017908890261";"0.7357648598798118";7;"Servicio"
"el interés e indagación de tu necesidad";"316";"Servicio";"la Información sobre los productos";"380";"Producto";"0.6859943405700355";"0.7411538220687437";6;"Servicio"
"la música y ambientación";"392";"Experiencia";"la satisfacción general con la asesoría y servicio";"393";"Servicio";"0.352332131708822";"0.7434964736230613";16;"5"
"la Información sobre cambios y garantías";"310";"Experiencia";"la atención e interés por el niño o la niña";"337";"Servicio";"-0.7637626158259734";"0.7488684500235261";5;"5"
"la Información sobre cambios y garantías";"310";"Experiencia";"la disponibilidad de los productos";"376";"Producto";"-0.7637626158259735";"0.748868450023527";5;"5"
"la amabilidad de la persona que te atendió";"392";"Servicio";"la música y ambientación";"392";"Experiencia";"0.2715627232967842";"0.749186479867185";18;"Servicio"
"el diseño de los productos";"401";"Producto";"el interés e indagación de tu necesidad";"316";"Servicio";"0.5155392622264671";"0.7498058561480001";17;"Producto"
"el diseño de las vitrinas";"345";"Experiencia";"el interés e indagación de tu necesidad";"316";"Servicio";"0.2513123449750173";"0.7505044501534024";16;"5"
"la atención e interés por el niño o la niña";"337";"Servicio";"los probadores/Vestier";"316";"Experiencia";"-0.1270001270001904";"0.7626770646286332";8;"Servicio"
"la calidad de los productos";"382";"Producto";"la facilidad para encontrar lo que buscabas";"394";"Servicio";"0.1113692092779409";"0.775274598619745";14;"Producto"
"el diseño de las vitrinas";"345";"Experiencia";"la atención e interés por el niño o la niña";"337";"Servicio";"0.4115069611732912";"0.7880893110512037";24;"5"
"la atención e interés por el niño o la niña";"337";"Servicio";"la experiencia y diversión para los niños/as";"342";"Experiencia";"-0.2439750182371333";"0.7989658591927782";5;"Servicio"
"la amabilidad en la atención";"392";"Servicio";"la facilidad para encontrar lo que buscabas";"394";"Servicio";"0.6816105909852266";"0.8435226919038225";57;"Servicio"
"el acompañamiento durante la compra";"426";"Servicio";"el diseño de las vitrinas";"345";"Experiencia";"0.3408612232849531";"0.8653449192171533";29;"Servicio"
"la facilidad para encontrar lo que buscabas";"394";"Servicio";"la música y ambientación";"392";"Experiencia";"0.9296875";"1";9;"Servicio"
"el tiempo de respuesta";"347";"Servicio";"la satisfacción general con tu experiencia de compra";"369";"Experiencia";"0.8744746321952062";"1";24;"Servicio"
"el tiempo de respuesta";"347";"Servicio";"la facilidad para contactarnos";"374";"Servicio";"0.8453516245312536";"1";66;"Servicio"
"el interés e indagación de tu necesidad";"316";"Servicio";"la Información sobre cambios y garantías";"310";"Experiencia";"0.8333333333333335";"1";7;"Servicio"
"la amabilidad de la persona que te atendió";"392";"Servicio";"la satisfacción general con tu experiencia de compra";"369";"Experiencia";"0.7834855904025533";"1";40;"Servicio"
"la Información sobre los productos";"380";"Producto";"la satisfacción general con la asesoría y servicio";"393";"Servicio";"0.7666666666666668";"1";21;"Producto"
"la Información sobre los productos";"380";"Producto";"la atención e interés por el niño o la niña";"337";"Servicio";"0.6864064729836441";"1";10;"Producto"
"la satisfacción general con la asesoría y servicio";"393";"Servicio";"los probadores/Vestier";"316";"Experiencia";"0.6367145399670131";"1";11;"Servicio"
"la satisfacción general con la solución a tu caso";"351";"Servicio";"los probadores/Vestier";"316";"Experiencia";"0.6324555320336759";"1";6;"Servicio"
"la exhibición de los productos dentro de la tienda";"415";"Producto";"los probadores/Vestier";"316";"Experiencia";"0.6039520437427544";"1";18;"Producto"
"el ofrecimiento de opciones para complementar el look";"353";"Servicio";"la agilidad en el proceso de pago";"384";"Experiencia";"0.4666666666666666";"1";8;"Servicio"
"el diseño de las vitrinas";"345";"Experiencia";"la música y ambientación";"392";"Experiencia";"0.4424046231823928";"1";34;"5"
"el ofrecimiento de opciones para complementar el look";"353";"Servicio";"la disponibilidad de los productos";"376";"Producto";"0.4082482904638631";"1";18;"Servicio"
"la facilidad para contactarnos";"374";"Servicio";"la satisfacción general con tu experiencia de compra";"369";"Experiencia";"0.3749999999999999";"1";49;"Servicio"
"la calidad de los productos";"382";"Producto";"la exhibición de los productos dentro de la tienda";"415";"Producto";"0.3333333333333333";"1";8;"Producto"
"el ofrecimiento de opciones para complementar el look";"353";"Servicio";"la experiencia y diversión para los niños/as";"342";"Experiencia";"0.2886751345948129";"1";5;"Servicio"
"la atención e interés por el niño o la niña";"337";"Servicio";"la variedad de productos en la tienda";"404";"Producto";"0.25";"1";7;"Servicio"
"el acompañamiento durante la compra";"426";"Servicio";"la satisfacción general con la solución a tu caso";"351";"Servicio";"0.1666666666666667";"1";5;"Servicio"
"la agilidad en el proceso de pago";"384";"Experiencia";"la satisfacción general con la asesoría y servicio";"393";"Servicio";"0.1666666666666667";"1";5;"5"
"el acompañamiento durante la compra";"426";"Servicio";"la amabilidad en la atención";"392";"Servicio";"0.1666666666666667";"1";5;"Servicio"
"la amabilidad de la persona que te atendió";"392";"Servicio";"la facilidad para contactarnos";"374";"Servicio";"0.151073939844873";"1";52;"Servicio"
"la agilidad en el proceso de pago";"384";"Experiencia";"la exhibición de los productos dentro de la tienda";"415";"Producto";"0.0636284762975777";"1";30;"5"
"el acompañamiento durante la compra";"426";"Servicio";"el tiempo de respuesta";"347";"Servicio";"-0.1666666666666666";"1";10;"Servicio"
"la calidad de los productos";"382";"Producto";"la facilidad para contactarnos";"374";"Servicio";"-0.1999999999999999";"1";6;"Producto"
"la amabilidad de la persona que te atendió";"392";"Servicio";"la exhibición de los productos dentro de la tienda";"415";"Producto";"-0.1999999999999999";"1";6;"Servicio"
"el diseño de las vitrinas";"345";"Experiencia";"la amabilidad de la persona que te atendió";"392";"Servicio";"-0.25";"1";5;"5"
"el diseño de los productos";"401";"Producto";"la facilidad para contactarnos";"374";"Servicio";"-0.25";"1";5;"Producto"
"el diseño de los productos";"401";"Producto";"la satisfacción general con la asesoría y servicio";"393";"Servicio";"-0.4000000000000001";"1";7;"Producto"
"la agilidad en el proceso de pago";"384";"Experiencia";"la amabilidad en la atención";"392";"Servicio";"-0.5";"1";6;"5"
"la Información sobre los productos";"380";"Producto";"la amabilidad en la atención";"392";"Servicio";"-0.6666666666666667";"1";5;"Producto"
