Id;Survey;ItemLabel;ItemType;ItemValue;Position;Required;SurveyChoiceId;FixedOption;ItemClass;OptionNavigation;Survey - Copia;Origen
225;37;"De 1 a 10 ¿Qué tanto recomendarías la marca OFFCORSS a otras personas?
Siendo 10  muy recomendada y 1 nada recomendada";"Radio Button";"";15;0;;True;"";False;"37";"Otros"
227;37;"¿Las respuestas que te daba el Coolbot eran acordes a tu requerimiento?";"Radio Button";"";5;0;;False;"";False;"37";"Otros"
229;37;"¿Volverías hablar con nuestro asistente virtual?";"Radio Button";"";6;0;;False;"";False;"37";"Otros"
230;37;"¿Cómo calificarías la voz de nuestro asistente virtual Coolbot? Siendo 10 muy buena calificación y  1 mala calificación.";"Radio Button";"";7;0;;False;"";False;"37";"Otros"
248;37;"¿Considera usted que el voiceBot tiene un tono de voz adecuado?";"Radio Button";"";8;0;;False;"";False;"37";"Otros"
264;37;"En una escala de 1 a 10, ¿cuánto te ha costado gestionar tu última petición, solicitud o reclamo que has realizado en OFFCORSS? Siendo 10 no me ha costado (ha sido fácil) y 1 me ha costado mucho";"Radio Button";"";10;0;;False;"";False;"37";"Otros"
271;37;"¿Cómo consideras nuestra experiencia de servicio al cliente? Siendo 10 muy buena y 1 muy mala";"Radio Button";"";11;0;;False;"";False;"37";"Otros"
272;37;"¿Qué tan fácil fue comunicarte con nuestro asistente virtual Coolbot?
Siendo 10 muy fácil y 1 muy difícil.";"Radio Button";"";12;0;;False;"";False;"37";"Otros"
273;37;" ¿Cuánto tiempo nos tomó atender tus preguntas e inquietudes?";"Radio Button";"";12;0;;False;"";False;"37";"Otros"
275;38;"En una escala de 1 a 10 cómo califica su visita a la tienda de OFFCORSS 
@tienda. Siendo 10 muy agradable y 1 nada agradable.";"Radio Button";"";5;0;;True;"";False;"38";"Otros"
294;53;"¿Cuál es tu género?";"Radio Button";"";2;0;;False;"";False;"53";"Otros"
296;53;"¿Cuál es tu rango de edad?";"Radio Button";"";3;0;;False;"";False;"53";"Otros"
302;53;"¿Tuviste que realizar algún cambio?";"Radio Button";"";10;0;;False;"";True;"53";"Otros"
304;53;"¿Durante los últimos meses has tenido algún tipo de inconveniente con OFFCORSS.COM?";"Radio Button";"";12;0;;False;"";True;"53";"Otros"
306;53;"¿Tu caso o inconveniente ya fue resuelto?";"Radio Button";"";15;0;;False;"";True;"53";"Otros"
340;55;"¿Cuál es tu género?";"Radio Button";"";1;0;;False;"";False;"55";"Otros"
341;55;"¿En dónde vives?";"Radio Button";"";2;1;;False;"";False;"55";"Otros"
342;55;"¿En cuál de los siguientes rangos de edad te encuentras?";"Radio Button";"";3;0;;False;"";False;"55";"Otros"
359;55;"¿Con cuál de las siguientes frases te identificas más?";"Radio Button";"";13;1;;False;"";False;"55";"Otros"
361;55;"¿Qué modalidad de educación están recibiendo l@s niñ@s en estos momentos?";"Radio Button";"";15;1;;False;"";False;"55";"Otros"
363;60;"¿Cuál es tu género?";"Radio Button";"";1;0;;False;"";False;"60";"Otros"
364;60;"Ciudad";"Radio Button";"";2;0;;False;"";False;"60";"Otros"
365;60;"Rango de edad";"Radio Button";"";3;0;;False;"";False;"60";"Otros"
367;60;"¿Por cuál de las siguientes razones no has vuelto a comprar en OFFCORSS?";"Radio Button";"";5;1;;False;"";False;"60";"Otros"
372;60;" De 1 a 10 ¿Qué tan posible es que vuelvas a comprar en las tiendas de OFFCORSS? Siendo 10 Muy posible y 1 Nada posible.";"Radio Button";"";10;0;;False;"";False;"60";"Otros"
373;60;"De 0 a 10 ¿Qué tanto recomendarías la marca OFFCORSS a otras personas? 
Siendo  10 Muy recomendada y 0 nada recomendada.";"Radio Button";"";11;0;;False;"";False;"60";"Otros"
408;38;"¿Cuál es tu nivel de educación formal?";"Radio Button";"";12;0;;False;"";False;"38";"Otros"
423;38;"¿Hace cuanto compras en OFFCORSS?";"Radio Button";"";15;0;;False;"";False;"38";"Otros"
445;53;"Califica de 1 a 5  la satisfacción general con la navegación de la página. Siendo 5 excelente, 1 deficiente y  N/A si no tiene información.";"Radio Button";"";24;0;;False;"";False;"53";"Cinco"
446;53;"Califica de 1 a 5  las fotos y exhibición de los productos. Siendo 5 excelente, 1 deficiente y  N/A si no tiene información.";"Radio Button";"";25;0;;False;"";False;"53";"Cinco"
447;53;"Califica de 1 a 5  la facilidad para navegar en la página. Siendo 5 excelente, 1 deficiente y  N/A si no tiene información.";"Radio Button";"";26;0;;False;"";False;"53";"Cinco"
448;53;"Califica de 1 a 5  la facilidad para encontrar los productos. Siendo 5 excelente, 1 deficiente y  N/A si no tiene información.";"Radio Button";"";27;0;;False;"";False;"53";"Cinco"
449;53;"Califica de 1 a 5  la facilidad para agregar los productos al carrito de compras. Siendo 5 excelente, 1 deficiente y  N/A si no tiene información.";"Radio Button";"";28;0;;False;"";False;"53";"Cinco"
450;53;"Califica de 1 a 5  la disponibilidad de tallas. Siendo 5 excelente, 1 deficiente y  N/A si no tiene información.";"Radio Button";"";29;0;;False;"";False;"53";"Cinco"
451;53;"Califica de 1 a 5  la disponibilidad de colores. Siendo 5 excelente, 1 deficiente y  N/A si no tiene información.";"Radio Button";"";30;0;;False;"";False;"53";"Cinco"
452;53;"Califica de 1 a 5  la descripción del producto. Siendo 5 excelente, 1 deficiente y  N/A si no tiene información.";"Radio Button";"";31;0;;False;"";False;"53";"Cinco"
453;53;"Califica de 1 a 5  la claridad en la guía de tallas. Siendo 5 excelente, 1 deficiente y  N/A si no tiene información.";"Radio Button";"";32;0;;False;"";False;"53";"Cinco"
454;53;"Califica de 1 a 5  la variedad de medios de pago. Siendo 5 excelente, 1 deficiente y  N/A si no tiene información.";"Radio Button";"";33;0;;False;"";False;"53";"Cinco"
455;53;"Califica de 1 a 5  la claridad en items a pagar. Siendo 5 excelente, 1 deficiente y  N/A si no tiene información.";"Radio Button";"";34;0;;False;"";False;"53";"Cinco"
456;53;"Califica de 1 a 5  la facilidad para actualizar datos. Siendo 5 excelente, 1 deficiente y  N/A si no tiene información.";"Radio Button";"";35;0;;False;"";False;"53";"Cinco"
457;53;"Califica de 1 a 5  la satisfacción general con el proceso de pago. Siendo 5 excelente, 1 deficiente y  N/A si no tiene información.";"Radio Button";"";36;0;;False;"";False;"53";"Cinco"
458;53;"Califica de 1 a 5  la seguridad a la hora de ingresar datos personales y transaccionales. Siendo 5 excelente, 1 deficiente y  N/A si no tiene información.";"Radio Button";"";37;0;;False;"";False;"53";"Cinco"
459;53;"Califica de 1 a 5  la información sobre el estado del pedido. Siendo 5 excelente, 1 deficiente y  N/A si no tiene información.";"Radio Button";"";38;0;;False;"";False;"53";"Cinco"
460;53;"Califica de 1 a 5  el tiempo de entrega del pedido. Siendo 5 excelente, 1 deficiente y  N/A si no tiene información.";"Radio Button";"";39;0;;False;"";False;"53";"Cinco"
461;53;"Califica de 1 a 5  las condiciones físicas del producto entregado. Siendo 5 excelente, 1 deficiente y  N/A si no tiene información.";"Radio Button";"";40;0;;False;"";False;"53";"Cinco"
462;53;"Califica de 1 a 5  la calidad del empaque. Siendo 5 excelente, 1 deficiente y  N/A si no tiene información.";"Radio Button";"";41;0;;False;"";False;"53";"Cinco"
463;53;"Califica de 1 a 5  el pedido completo. Siendo 5 excelente, 1 deficiente y  N/A si no tiene información.";"Radio Button";"";42;0;;False;"";False;"53";"Cinco"
464;53;"Califica de 1 a 5  la facilidad en el seguimiento del pedido. Siendo 5 excelente, 1 deficiente y  N/A si no tiene información.";"Radio Button";"";43;0;;False;"";False;"53";"Cinco"
465;53;"Califica de 1 a 5  la satisfacción general con el producto recibido. Siendo 5 excelente, 1 deficiente y  N/A si no tiene información.";"Radio Button";"";44;0;;False;"";False;"53";"Cinco"
466;53;"Califica de 1 a 5  la facilidad para contactarte con nosotros. Siendo 5 excelente, 1 deficiente y  N/A si no tiene información.";"Radio Button";"";45;0;;False;"";False;"53";"Cinco"
467;53;"Califica de 1 a 5  la claridad de nuestras políticas de cambios o devoluciones. Siendo 5 excelente, 1 deficiente y  N/A si no tiene información.";"Radio Button";"";46;0;;False;"";False;"53";"Cinco"
468;53;"Califica de 1 a 5  la información suministrada por el área de servicio al cliente. Siendo 5 excelente, 1 deficiente y  N/A si no tiene información.";"Radio Button";"";47;0;;False;"";False;"53";"Cinco"
469;53;"Califica de 1 a 5  las opciones presentadas para solucionar tu solicitud. Siendo 5 excelente, 1 deficiente y  N/A si no tiene información.";"Radio Button";"";48;0;;False;"";False;"53";"Cinco"
470;53;"Califica de 1 a 5  los tiempos de respuesta. Siendo 5 excelente, 1 deficiente y  N/A si no tiene información.";"Radio Button";"";49;0;;False;"";False;"53";"Cinco"
471;53;"Califica de 1 a 5  la facilidad para contactarte con nosotros. Siendo 5 excelente, 1 deficiente y  N/A si no tiene información.";"Radio Button";"";50;0;;False;"";False;"53";"Cinco"
472;53;"Califica de 1 a 5  la claridad  de nuestras políticas de cambios o devoluciones. Siendo 5 excelente, 1 deficiente y  N/A si no tiene información.";"Radio Button";"";51;0;;False;"";False;"53";"Cinco"
473;53;"Califica de 1 a 5  la información suministrada por el área de servicio al cliente. Siendo 5 excelente, 1 deficiente y  N/A si no tiene información.";"Radio Button";"";52;0;;False;"";False;"53";"Cinco"
474;53;"Califica de 1 a 5  las opciones presentadas para solucionar tu solicitud. Siendo 5 excelente, 1 deficiente y  N/A si no tiene información.";"Radio Button";"";53;0;;False;"";False;"53";"Cinco"
475;53;"Califica de 1 a 5  los tiempos de respuesta. Siendo 5 excelente, 1 deficiente y  N/A si no tiene información.";"Radio Button";"";54;0;;False;"";False;"53";"Cinco"
524;53;"Califica de 1 a 5  la facilidad para contactarte con nosotros. Siendo 5 excelente, 1 deficiente y  N/A si no tiene información.";"Radio Button";"";55;0;;False;"";False;"53";"Cinco"
525;53;"Califica de 1 a 5  la claridad  de nuestras políticas de cambios o devoluciones. Siendo 5 excelente, 1 deficiente y  N/A si no tiene información.";"Radio Button";"";56;0;;False;"";False;"53";"Cinco"
526;53;"Califica de 1 a 5  la información suministrada por el área de servicio al cliente. Siendo 5 excelente, 1 deficiente y  N/A si no tiene información.";"Radio Button";"";57;0;;False;"";False;"53";"Cinco"
527;53;"Califica de 1 a 5  las opciones presentadas para solucionar tu solicitud. Siendo 5 excelente, 1 deficiente y  N/A si no tiene información.";"Radio Button";"";58;0;;False;"";False;"53";"Cinco"
528;53;"Califica de 1 a 5  los tiempos de respuesta. Siendo 5 excelente, 1 deficiente y  N/A si no tiene información.";"Radio Button";"";59;0;;False;"";False;"53";"Cinco"
201;37;"¿Fue resuelto tu requerimiento?";"Radio Button";"";2;0;;True;"Servicio";False;"37";"Otros"
203;37;"Te invitamos a calificar nuestro asistente virtual Coolbot de 1 a 10. 
Siendo 10 muy bien y 1 muy mal.";"Radio Button";"";1;0;;True;"Servicio";False;"37";"Otros"
226;37;"¿Fue comprensible tu interacción con el Coolbot?";"Radio Button";"";3;0;;False;"Servicio";False;"37";"Otros"
277;50;"De 1 a 10 ¿Qué tan posible es que vuelvas a comprar en las tiendas de OFFCORSS? siendo 10 muy posible y 1 nada posible.";"Radio Button";"";16;0;;False;"NPS";False;"50";"Otros"
278;50;"¿Cuál es tu rango de edad?";"Radio Button";"";4;0;;False;"Informaciòn personal";False;"50";"Otros"
279;50;"¿Cuál es tu género?";"Radio Button";"";3;0;;False;"Informaciòn personal";False;"50";"Otros"
310;54;"¿Cuál es tu género?";"Radio Button";"";2;0;;False;"Informaciòn personal";False;"54";"Otros"
312;54;"¿Cuál es tu rango de edad?";"Radio Button";"";4;0;;False;"Informaciòn personal";False;"54";"Otros"
318;54;"¿Durante los últimos meses has tenido algún tipo de inconveniente o caso de servicio con nuestra marca?";"Radio Button";"";10;0;;False;"Servicio";True;"54";"Otros"
320;54;"¿Tu inconveniente o caso ya fue resuelto?";"Radio Button";"";12;0;;False;"Servicio";True;"54";"Otros"
322;54;"En general, de 1 a 10 ¿Cómo calificarías tu satisfacción general con OFFCORSS? Siendo 10 muy satisfecho y 1 nada satisfecho.";"Radio Button";"";15;0;;False;"NPS";False;"54";"Otros"
323;54;"De 1 a 10 ¿Qué tan posible es que vuelvas a comprar en los outlets de OFFCORSS? Siendo 10 muy posible y 1 nada posible.";"Radio Button";"";16;0;;False;"NPS";False;"54";"Otros"
324;54;"De 1 a 10 ¿Qué tanto recomendarías la marca OFFCORSS a otras personas? 
Siendo 10 muy recomendada y 1 nada recomendada.";"Radio Button";"";1;0;;False;"NPS";False;"54";"Otros"
328;50;"¿Durante los últimos meses has tenido algún tipo de inconveniente o caso de servicio con nuestra marca?";"Radio Button";"";10;0;;False;"Servicio";True;"50";"Otros"
330;50;"¿Tu inconveniente o caso ya fue resuelto?";"Radio Button";"";12;0;;False;"Servicio";True;"50";"Otros"
332;50;"En general, de 1 a 10 ¿Cómo calificarías tu satisfacción general con OFFCORSS? Siendo 10 muy satisfecho y 1 nada satisfecho.";"Radio Button";"";15;0;;False;"NPS";False;"50";"Otros"
333;50;"De 1 a 10 ¿Qué tanto recomendarías la marca OFFCORSS a otras personas? 
Siendo 10 muy recomendada y 1 nada recomendada.";"Radio Button";"";1;0;;False;"NPS";False;"50";"Otros"
387;53;"En general, de 1 a 10 ¿Cómo calificarías tu satisfacción general con OFFCORSS? Siendo 10 muy satisfecho y 1 nada satisfecho.";"Radio Button";"";21;0;;False;"NPS";False;"53";"Otros"
388;53;" De 1 a 10 ¿Qué tan posible es que vuelvas a comprar en www.offcorss.com? Siendo 10 Muy posible y 1 Nada posible";"Radio Button";"";21;0;;False;"NPS";False;"53";"Otros"
389;53;"De 1 a 10 ¿Qué tanto recomendarías la marca OFFCORSS a otras personas? Siendo 10 muy recomendada y 1 nada recomendada";"Radio Button";"";1;0;;True;"NPS";False;"53";"Otros"
391;50;"¿Reportó el caso a la compañía?";"Radio Button";"";10;0;;False;"Servicio";True;"50";"Otros"
392;53;"¿Reporto el caso a la compañía?";"Radio Button";"";13;0;;False;"Servicio";True;"53";"Otros"
393;54;"¿Reportaste el caso a la compañía?";"Radio Button";"";11;0;;False;"Experiencia";True;"54";"Otros"
394;50;"¿Usualmente para cuántos niñ@s compras ropa en OFFCORSS ?";"Radio Button";"";17;0;;False;"Informaciòn personal";False;"50";"Otros"
395;53;"¿Usualmente para cuántos niños compras ropa en www.offcorss.com?";"Radio Button";"";22;0;;False;"Informaciòn personal";False;"53";"Otros"
403;38;"¿Cuánto tiempo llevas usando nuestros productos?";"Radio Button";"";7;0;;False;"Producto";False;"38";"Otros"
406;38;"En el futuro, ¿Estarías dispuesto a volver a realizar esta encuesta?";"Radio Button";"";10;0;;False;"Servicio";False;"38";"Otros"
409;38;"¿Cuál es tu estado civil?";"Radio Button";"";13;1;;False;"Informaciòn personal";False;"38";"Otros"
410;38;"¿Cuál producto es el que más te gusta de OFFCORSS?";"Radio Button";"";14;0;;False;"Producto";False;"38";"Otros"
411;38;"¿Te gusta la atención PET FRIENDLY que se les dan a las mascotas dentro de la tienda?";"Radio Button";"";15;0;;False;"Servicio";False;"38";"Otros"
412;38;"¿Sientes que los protocolos de bioseguridad dentro de la tienda son los adecuados?";"Radio Button";"";16;0;;False;"Servicio";True;"38";"Otros"
438;50;"Califica de 1 a 5  la variedad de productos en la tienda. Siendo 5 excelente, 1 deficiente y  N/A si no tiene información.";"Radio Button";"";15;0;;False;"Producto";False;"50";"Cinco"
439;50;"Califica de 1 a 5  la satisfacción general con los productos. Siendo 5 excelente, 1 deficiente y  N/A si no tiene información.";"Radio Button";"";20;0;;False;"Producto";False;"50";"Cinco"
441;50;"Califica de 1 a 5  el precio vs producto adquirido. Siendo 5 excelente, 1 deficiente y  N/A si no tiene información.";"Radio Button";"";21;0;;False;"Producto";False;"50";"Cinco"
442;50;"Califica de 1 a 5  la disponibilidad de los productos. Siendo 5 excelente, 1 deficiente y  N/A si no tiene información.";"Radio Button";"";22;0;;False;"Producto";False;"50";"Cinco"
443;50;"Califica de 1 a 5  el diseño de los productos. Siendo 5 excelente, 1 deficiente y  N/A si no tiene información.";"Radio Button";"";23;0;;False;"Producto";False;"50";"Cinco"
444;50;"Califica de 1 a 5  la calidad de los productos. Siendo 5 excelente, 1 deficiente y  N/A si no tiene información.";"Radio Button";"";24;0;;False;"Producto";False;"50";"Cinco"
477;54;"Califica de 1 a 5  el precio vs producto adquirido. Siendo 5 excelente, 1 deficiente y  N/A si no tiene información.";"Radio Button";"";23;0;;False;"Producto";False;"54";"Cinco"
478;54;"Califica de 1 a 5  la satisfacción general con los productos. Siendo 5 excelente, 1 deficiente y  N/A si no tiene información.";"Radio Button";"";24;0;;False;"Producto";False;"54";"Cinco"
479;54;"Califica de 1 a 5  las promociones atractivas. Siendo 5 excelente, 1 deficiente y  N/A si no tiene información.";"Radio Button";"";25;0;;False;"Producto";False;"54";"Cinco"
480;54;"Califica de 1 a 5  la disponibilidad de los productos. Siendo 5 excelente, 1 deficiente y  N/A si no tiene información.";"Radio Button";"";26;0;;False;"Producto";False;"54";"Cinco"
481;54;"Califica de 1 a 5  el diseño de los productos. Siendo 5 excelente, 1 deficiente y  N/A si no tiene información.";"Radio Button";"";27;0;;False;"Producto";False;"54";"Cinco"
482;54;"Califica de 1 a 5  la calidad de los productos. Siendo 5 excelente, 1 deficiente y  N/A si no tiene información.";"Radio Button";"";28;0;;False;"Producto";False;"54";"Cinco"
483;54;"Califica de 1 a 5  la variedad de productos en el outlet @tienda. Siendo 5 excelente, 1 deficiente y  N/A si no tiene información.";"Radio Button";"";29;0;;False;"Producto";False;"54";"Cinco"
484;54;"Califica de 1 a 5  la amabilidad en la atención. Siendo 5 excelente, 1 deficiente y  N/A si no tiene información.";"Radio Button";"";30;0;;False;"Servicio";False;"54";"Cinco"
485;54;"Califica de 1 a 5  la atención e interés por el niño/a. Siendo 5 excelente, 1 deficiente y  N/A si no tiene información.";"Radio Button";"";31;0;;False;"Servicio";False;"54";"Cinco"
486;54;"Califica de 1 a 5  Interés e indagación de tu necesidad. Siendo 5 excelente, 1 deficiente y  N/A si no tiene información.";"Radio Button";"";32;0;;False;"Servicio";False;"54";"Cinco"
487;54;"Califica de 1 a 5  la facilidad para encontrar lo que buscabas. Siendo 5 excelente, 1 deficiente y  N/A si no tiene información.";"Radio Button";"";33;0;;False;"Servicio";False;"54";"Cinco"
488;54;"Califica de 1 a 5  el ofrecimiento de opciones para complementar el look. Siendo 5 excelente, 1 deficiente y  N/A si no tiene información.";"Radio Button";"";34;0;;False;"Servicio";False;"54";"Cinco"
489;54;"Califica de 1 a 5  el acompañamiento durante la compra. Siendo 5 excelente, 1 deficiente y  N/A si no tiene información.";"Radio Button";"";35;0;;False;"Servicio";False;"54";"Cinco"
490;54;"Califica de 1 a 5  la satisfacción general con la asesoría y servicio. Siendo 5 excelente, 1 deficiente y  N/A si no tiene información.";"Radio Button";"";36;0;;False;"Servicio";False;"54";"Cinco"
491;54;"Califica de 1 a 5  la exhibición de los productos dentro del outlet @tienda. Siendo 5 excelente, 1 deficiente y  N/A si no tiene información.";"Radio Button";"";37;0;;False;"Experiencia";False;"54";"Cinco"
492;54;"Califica de 1 a 5  la Información sobre los productos. Siendo 5 excelente, 1 deficiente y  N/A si no tiene información.";"Radio Button";"";38;0;;False;"Experiencia";False;"54";"Cinco"
493;54;"Califica de 1 a 5  la música y ambientación. Siendo 5 excelente, 1 deficiente y  N/A si no tiene información.";"Radio Button";"";39;0;;False;"Experiencia";False;"54";"Cinco"
494;54;"Califica de 1 a 5  los probadores/Vestier. Siendo 5 excelente, 1 deficiente y  N/A si no tiene información.";"Radio Button";"";40;0;;False;"Experiencia";False;"54";"Cinco"
495;54;"Califica de 1 a 5  la agilidad en el proceso de pago. Siendo 5 excelente, 1 deficiente y  N/A si no tiene información.";"Radio Button";"";41;0;;False;"Experiencia";False;"54";"Cinco"
496;54;"Califica de 1 a 5  la claridad  en la comunicación de los descuentos. Siendo 5 excelente, 1 deficiente y  N/A si no tiene información.";"Radio Button";"";42;0;;False;"Experiencia";False;"54";"Cinco"
497;54;"Califica de 1 a 5  la Información sobre cambios y garantías. Siendo 5 excelente, 1 deficiente y  N/A si no tiene información.";"Radio Button";"";43;0;;False;"Experiencia";False;"54";"Cinco"
498;54;"Califica de 1 a 5  la satisfacción general con tu experiencia de compra. Siendo 5 excelente, 1 deficiente y  N/A si no tiene información.";"Radio Button";"";44;0;;False;"Experiencia";False;"54";"Cinco"
499;54;"Califica de 1 a 5  la facilidad para contactarnos. Siendo 5 excelente, 1 deficiente y  N/A si no tiene información.";"Radio Button";"";45;0;;False;"Experiencia";False;"54";"Cinco"
500;54;"Califica de 1 a 5  el tiempo de respuesta. Siendo 5 excelente, 1 deficiente y  N/A si no tiene información.";"Radio Button";"";46;0;;False;"Experiencia";False;"54";"Cinco"
501;54;"Califica de 1 a 5  la amabilidad de la persona que te atendió. Siendo 5 excelente, 1 deficiente y  N/A si no tiene información.";"Radio Button";"";47;0;;False;"Experiencia";False;"54";"Cinco"
502;54;"Califica de 1 a 5  la satisfacción general con la solución a tu caso. Siendo 5 excelente, 1 deficiente y  N/A si no tiene información.";"Radio Button";"";48;0;;False;"Experiencia";False;"54";"Cinco"
503;50;"Califica de 1 a 5  la amabilidad en la atención Siendo 5 excelente, 1 deficiente y  N/A si no tiene información.";"Radio Button";"";25;0;;False;"Servicio";False;"50";"Cinco"
504;50;"Califica de 1 a 5  la atención e interés por el niño o la niña. Siendo 5 excelente, 1 deficiente y  N/A si no tiene información.";"Radio Button";"";26;0;;False;"Servicio";False;"50";"Cinco"
505;50;"Califica de 1 a 5  el interés e indagación de tu necesidad. Siendo 5 excelente, 1 deficiente y  N/A si no tiene información.";"Radio Button";"";27;0;;False;"Servicio";False;"50";"Cinco"
506;50;"Califica de 1 a 5  la facilidad para encontrar lo que buscabas. Siendo 5 excelente, 1 deficiente y  N/A si no tiene información.";"Radio Button";"";28;0;;False;"Servicio";False;"50";"Cinco"
507;50;"Califica de 1 a 5  el ofrecimiento de opciones para complementar el look. Siendo 5 excelente, 1 deficiente y  N/A si no tiene información.";"Radio Button";"";29;0;;False;"Servicio";False;"50";"Cinco"
508;50;"Califica de 1 a 5  el acompañamiento durante la compra. Siendo 5 excelente, 1 deficiente y  N/A si no tiene información.";"Radio Button";"";30;0;;False;"Servicio";False;"50";"Cinco"
509;50;"Califica de 1 a 5  la satisfacción general con la asesoría y servicio. Siendo 5 excelente, 1 deficiente y  N/A si no tiene información.";"Radio Button";"";31;0;;False;"Servicio";False;"50";"Cinco"
510;50;"Califica de 1 a 5  el diseño de las vitrinas. Siendo 5 excelente, 1 deficiente y  N/A si no tiene información.";"Radio Button";"";32;0;;False;"Experiencia";False;"50";"Cinco"
511;50;"Califica de 1 a 5  la exhibición de los productos dentro de la tienda. Siendo 5 excelente, 1 deficiente y  N/A si no tiene información.";"Radio Button";"";33;0;;False;"Producto";False;"50";"Cinco"
512;50;"Califica de 1 a 5  la Información sobre los productos. Siendo 5 excelente, 1 deficiente y  N/A si no tiene información.";"Radio Button";"";34;0;;False;"Producto";False;"50";"Cinco"
513;50;"Califica de 1 a 5  la música y ambientación. Siendo 5 excelente, 1 deficiente y  N/A si no tiene información.";"Radio Button";"";35;0;;False;"Experiencia";False;"50";"Cinco"
514;50;"Califica de 1 a 5  los espacios de diversión para los niños. Siendo 5 excelente, 1 deficiente y  N/A si no tiene información.";"Radio Button";"";36;0;;False;"Experiencia";False;"50";"Cinco"
515;50;"Califica de 1 a 5  los probadores/Vestier. Siendo 5 excelente, 1 deficiente y  N/A si no tiene información.";"Radio Button";"";37;0;;False;"Experiencia";False;"50";"Cinco"
516;50;"Califica de 1 a 5  la experiencia y diversión para los niños/as. Siendo 5 excelente, 1 deficiente y  N/A si no tiene información.";"Radio Button";"";38;0;;False;"Experiencia";False;"50";"Cinco"
517;50;"Califica de 1 a 5 la agilidad en el proceso de pago. Siendo 5 excelente, 1 deficiente y N/A si no tiene información.";"Radio Button";"";39;0;;False;"Experiencia";False;"50";"Cinco"
518;50;"Califica de 1 a 5  la Información sobre cambios y garantías. Siendo 5 excelente, 1 deficiente y  N/A si no tiene información.";"Radio Button";"";40;0;;False;"Experiencia";False;"50";"Cinco"
519;50;"Califica de 1 a 5  la satisfacción general con tu experiencia de compra. Siendo 5 excelente, 1 deficiente y  N/A si no tiene información.";"Radio Button";"";41;0;;False;"Experiencia";False;"50";"Cinco"
520;50;"Califica de 1 a 5  la facilidad para contactarnos. Siendo 5 excelente, 1 deficiente y  N/A si no tiene información.";"Radio Button";"";42;0;;False;"Servicio";False;"50";"Cinco"
521;50;"Califica de 1 a 5  el tiempo de respuesta. Siendo 5 excelente, 1 deficiente y  N/A si no tiene información.";"Radio Button";"";43;0;;False;"Servicio";False;"50";"Cinco"
522;50;"Califica de 1 a 5  la amabilidad de la persona que te atendió. Siendo 5 excelente, 1 deficiente y  N/A si no tiene información.";"Radio Button";"";44;0;;False;"Servicio";False;"50";"Cinco"
523;50;"Califica de 1 a 5  la satisfacción general con la solución a tu caso. Siendo 5 excelente, 1 deficiente y  N/A si no tiene información.";"Radio Button";"";45;0;;False;"Servicio";False;"50";"Cinco"
200;37;"Déjanos tus comentarios o sugerencias para nuestro Coolbot.";"Text Area";"";16;0;;True;"";False;"37";"Otros"
274;37;" ¿Cuál es el aspecto o aspectos que mejoraría en su experiencia con nuestra marca OFFCORSS?";"Text Area";"";13;0;;False;"";False;"37";"Otros"
281;50;"¿Para quién compras en nuestras tiendas OFFCORSS?
Selecciona una o varias respuestas.";"Multi-Select Dropdown";"";5;0;;False;"Informaciòn personal";False;"50";"Otros"
297;53;"¿Para quién compras en nuestras tiendas?";"Multi-Select Dropdown";"";5;0;;False;"";False;"53";"Otros"
298;53;"¿Con cuál dispositivo acostumbras a comprar en www.offcorss.com?";"Multi-Select Dropdown";"";6;0;;False;"";False;"53";"Otros"
305;53;"Cuéntanos ¿Qué tipo de inconveniente tuviste o tienes  en OFFCORSS.COM?";"Multi-Select Dropdown";"";14;0;;False;"";False;"53";"Otros"
313;54;"¿Para quién compras en nuestros outlets?";"Multi-Select Dropdown";"";5;0;;False;"Informaciòn personal";False;"54";"Otros"
319;54;"Cuéntanos ¿qué tipo de inconveniente tuviste en nuestro outlet?";"Multi-Select Dropdown";"";13;0;;False;"Servicio";False;"54";"Otros"
329;50;"¡Cuéntanos! ¿Qué tipo de inconveniente tuviste o tienes en nuestras tiendas?";"Multi-Select Dropdown";"";13;0;;False;"Servicio";False;"50";"Otros"
338;50;"Déjanos un comentario.";"Text Area";"";18;0;;True;"Experiencia";False;"50";"Otros"
343;55;"¿Para quién compras con más frecuencia en Offcorss?";"Multi-Select Dropdown";"";4;1;;False;"";False;"55";"Otros"
344;55;"¿En qué rangos están l@s niñ@s a los que les compras con mayor frecuencia?";"Multi-Select Dropdown";"";5;1;;False;"";False;"55";"Otros"
345;55;"Elige las 3 actividades que más te gusta realizar con l@s niñ@s en Casa";"Multi-Select Dropdown";"";6;1;;False;"";False;"55";"Otros"
346;55;"Elige las 3 actividades que más te gusta realizar con l@s niñ@s por fuera de casa";"Multi-Select Dropdown";"";7;1;;False;"";False;"55";"Otros"
347;55;"¿Qué gustos tienen tus niñ@s?";"Multi-Select Dropdown";"";8;1;;False;"";False;"55";"Otros"
355;55;"¿Cada cuánto compras ropa para tus niñ@s?";"Multi-Select Dropdown";"";9;1;;False;"";False;"55";"Otros"
356;55;"¿En qué ocasiones compras ropa para tus niñ@s?";"Multi-Select Dropdown";"";10;1;;False;"";False;"55";"Otros"
357;55;"¿Quiénes participan en la elección de la ropa de l@s niñ@s?";"Multi-Select Dropdown";"";11;1;;False;"";False;"55";"Otros"
358;55;"A la hora de dar un regalo para l@s niñ@s prefieres...";"Multi-Select Dropdown";"";12;1;;False;"";False;"55";"Otros"
360;55;"¿Cuáles son tus medios preferidos de contacto?";"Multi-Select Dropdown";"";14;1;;False;"";False;"55";"Otros"
362;55;"¿Qué tipo de mascota tiene l@s niñ@s?";"Multi-Select Dropdown";"";16;1;;False;"";False;"55";"Otros"
366;60;"¿Para quién compras OFFCORSS?";"Multi-Select Dropdown";"";4;1;;False;"";False;"60";"Otros"
368;60;"¿Quieres darnos más detalles sobre la razón por la que no has vuelto a comprar?";"Text Area";"";6;1;;False;"";False;"60";"Otros"
369;60;"¿Cuéntanos qué otras marcas de ropa para niñ@s has comprado durante los últimos 6 meses?";"Text Box";"";7;1;;False;"";False;"60";"Otros"
370;60;"Nos gustaría conocer tu opinión frente a los siguientes aspectos relacionados con OFFCORSS (siendo 5 la mejor calificación y 1 la menor)";"DataTable";"";8;1;;False;"";False;"60";"Otros"
371;60;"¿Qué podríamos hacer en OFFCORSS para que regreses?";"Text Area";"";9;1;;False;"";False;"60";"Otros"
374;60;"Nombre completo";"Text Box";"";12;1;;False;"";False;"60";"Otros"
375;60;"Número de cédula";"Text Box";"";13;1;;False;"";False;"60";"Otros"
376;60;"Correo electrónico";"Text Box";"";14;1;;False;"";False;"60";"Otros"
377;60;"Celular";"Text Box";"";15;1;;False;"";False;"60";"Otros"
384;54;"Déjanos un comentario";"Text Area";"";17;0;;True;"Experiencia";False;"54";"Otros"
390;53;"Déjanos tus comentarios";"Text Area";"";23;0;;True;"Experiencia";False;"53";"Otros"
401;38;"Sería algo como...

En una sola palabra.. ¿Por qué compras en OFFCORSS?";"Text Box";"";6;0;;False;"";False;"38";"Otros"
404;38;"Si pudieras mejorar algo de nuestros productos: ¿Qué seria?";"Text Area";"";8;1;;False;"Producto";False;"38";"Otros"
405;38;"Si hubiera una característica o un producto nuevo que pudieras sugerir, ¿Cuál sería?";"Text Area";"";9;0;;False;"Producto";False;"38";"Otros"
407;38;"¿Por qué eliges nuestros productos sobre los de otras marcas?";"Text Area";"";11;1;;False;"";False;"38";"Otros"
421;38;"¿Por qué consideras que los protocolos de bioseguridad dentro de la tienda no son los adecuados?";"Text Box";"";17;0;;False;"Servicio";False;"38";"Otros"
422;38;"¿Qué le dirías a alguien si te pregunta sobre OFFCORSS?";"Text Area";"";14;0;;False;"";False;"38";"Otros"
424;38;"¿Qué esperas de nosotros?";"Text Area";"";16;0;;False;"";False;"38";"Otros"
425;38;"¿Qué tendría que pasar para que compres más seguido en OFFCORSS?";"Text Area";"";17;0;;False;"";False;"38";"Otros"
426;38;"¿Qué tendría que pasar para que dejaras de comprar en OFFCORSS?";"Text Area";"";18;0;;False;"";False;"38";"Otros"
427;54;"Si pudieras mejorar algo de nuestros productos: ¿Qué seria?";"Text Area";"";17;0;;False;"Producto";False;"54";"Otros"
428;54;"¿Qué tendría que pasar para que compres más seguido en OFFCORSS?";"Text Area";"";18;0;;False;"Experiencia";False;"54";"Otros"
429;54;"¿Por qué eliges nuestros productos sobre los de otras marcas?";"Text Area";"";19;0;;False;"Producto";False;"54";"Otros"
430;54;"¿Qué tendría que pasar para que dejaras de comprar en OFFCORSS?";"Text Area";"";20;0;;False;"Experiencia";False;"54";"Otros"
431;38;"¿Dónde mas quisieras ver a OFFCORSS?";"Text Area";"";19;0;;False;"Experiencia";False;"38";"Otros"
432;54;"¿Dónde más quisieras ver a OFFCORSS?";"Text Box";"";21;0;;False;"Experiencia";False;"54";"Otros"
434;50;"¿Dónde más quisieras ver a OFFCORSS?";"Text Box";"";18;0;;False;"Experiencia";False;"50";"Otros"
435;50;"En una sola palabra.. ¿Por qué compras en OFFCORSS?";"Text Box";"";19;0;;False;"Producto";False;"50";"Otros"
436;53;"En una sola palabra.. ¿Por qué compras en OFFCORSS?";"Text Box";"";21;0;;False;"";False;"53";"Otros"
437;54;"En una sola palabra.. ¿Por qué compras en OFFCORSS?";"Text Box";"";22;0;;False;"Producto";False;"54";"Otros"
615;50;"¿Qué aspectos deberíamos mejorar?";"Text Area";"";42;0;;False;"Experiencia";False;"50";"Otros"
616;54;"¿Qué aspectos deberíamos mejorar?";"Text Area";"";44;0;;False;"Experiencia";False;"54";"Otros"
175;33;"Fecha Inicio";"Date";"FechaInicio";0;1;;False;"";False;"33";"Otros"
176;33;"Fecha Fin";"Date";"FechaFin";0;1;;False;"";False;"33";"Otros"
179;34;"Campaña Inicial";"Text Box";"ihrez_eIni";0;1;;False;"";False;"34";"Otros"
180;34;"Campaña Final";"Text Box";"ihrez_eFin";0;1;;False;"";False;"34";"Otros"
181;34;"MailGroup";"Text Box";"vsnmr_v =";0;0;;False;"";False;"34";"Otros"
182;34;"Zona";"Text Box";"j_3akvgr7 =";0;0;;False;"";False;"34";"Otros"
190;34;"Region";"Text Box";"j_3akvgr8 =";0;0;;False;"";False;"34";"Otros"
196;35;"Numero Almacen";"Text Box";"Lgnum";0;1;;False;"";False;"35";"Otros"
197;35;"Tipo Almacen Inicial";"Text Box";"lgtyi = lagp.lgtyp";0;0;;False;"";False;"35";"Otros"
198;35;"Tipo Almacen Final";"Text Box";"lgtypf = lagp.lgtyp";0;0;;False;"";False;"35";"Otros"
351;58;"Fecha";"Date";"fecha";0;1;;False;"";False;"58";"Otros"
352;58;"Codigo Cliente";"Text Box";"kunnr =";1;0;;False;"";False;"58";"Otros"
353;59;"Fecha Inicial";"Date";"FechaInicio";0;1;;False;"";False;"59";"Otros"
354;59;"Fecha Final";"Date";"FechaFin";1;1;;False;"";False;"59";"Otros"
399;66;"Fecha Inicio";"Date";"FechaInicio";0;1;;False;"";False;"66";"Otros"
400;66;"Fecha Fin";"Date";"FechaFin";1;1;;False;"";False;"66";"Otros"
623;73;"fechainicialinteg";"Date";"fechainicialinteg";0;0;;False;"";False;"73";"Otros"
624;73;"fechafinalinteg";"Date";"fechafinalinteg";1;0;;False;"";False;"73";"Otros"
625;73;"fechainicialfact";"Date";"fechainicialfact";2;0;;False;"";False;"73";"Otros"
626;73;"fechafinalfact";"Date";"fechafinalfact";3;0;;False;"";False;"73";"Otros"
